,week_56,week_57,week_58,week_59,week_60,week_61,week_62,week_63,week_64,week_65,week_66,week_67,week_68,week_69,week_70,week_71,week_72,week_73,week_74,week_75,week_76,week_77,week_78,week_79,week_80,week_81,week_82,week_83,week_84,week_85,week_86,week_87,week_88,week_89,week_90,week_91,week_92,week_93,week_94,week_95
"(1, 1)",331.0,416.0,332.0,350.0,356.0,382.0,438.0,454.0,410.0,206.0,93.0,90.0,103.0,74.0,52.0,113.0,119.0,97.0,128.0,154.0,168.0,122.0,127.0,106.0,165.0,139.0,136.0,243.0,290.0,221.0,143.0,153.0,144.0,164.0,154.0,136.0,145.0,173.0,169.0,187.0
"(1, 2)",142.0,131.0,166.0,129.0,164.0,165.0,159.0,135.0,133.0,70.0,28.0,33.0,21.0,28.0,26.0,39.0,35.0,39.0,39.0,36.0,43.0,46.0,44.0,36.0,47.0,47.0,44.0,49.0,45.0,51.0,36.0,57.0,39.0,34.0,62.0,66.0,51.0,62.0,48.0,60.0
"(1, 3)",75.0,95.0,83.0,89.0,78.0,85.0,94.0,90.0,79.0,36.0,16.0,8.0,12.0,12.0,16.0,19.0,14.0,20.0,15.0,29.0,37.0,14.0,15.0,21.0,25.0,29.0,22.0,22.0,20.0,19.0,28.0,22.0,34.0,23.0,21.0,35.0,39.0,29.0,28.0,38.0
"(1, 4)",28.0,33.0,32.0,38.0,27.0,36.0,27.0,33.0,31.0,15.0,5.0,3.0,6.0,6.0,4.0,4.0,4.0,5.0,4.0,2.0,8.0,8.0,8.0,8.0,4.0,10.0,6.0,5.0,18.0,8.0,14.0,3.0,6.0,6.0,8.0,18.0,21.0,13.0,14.0,13.0
"(1, 6)",39.0,41.0,58.0,50.0,52.0,61.0,50.0,45.0,46.0,12.0,7.0,11.0,10.0,7.0,14.0,14.0,14.0,12.0,5.0,12.0,20.0,18.0,17.0,20.0,20.0,20.0,19.0,14.0,23.0,24.0,25.0,20.0,31.0,30.0,23.0,20.0,23.0,28.0,21.0,29.0
"(1, 8)",60.0,56.0,56.0,44.0,51.0,71.0,60.0,51.0,53.0,15.0,5.0,8.0,7.0,6.0,9.0,6.0,5.0,6.0,17.0,12.0,17.0,15.0,20.0,18.0,18.0,21.0,15.0,27.0,21.0,23.0,21.0,22.0,21.0,29.0,31.0,22.0,33.0,39.0,40.0,38.0
"(1, 32)",21.0,25.0,26.0,28.0,24.0,29.0,29.0,36.0,27.0,10.0,4.0,8.0,5.0,8.0,3.0,5.0,5.0,9.0,6.0,7.0,8.0,10.0,8.0,6.0,4.0,4.0,12.0,6.0,8.0,13.0,6.0,10.0,12.0,6.0,15.0,8.0,17.0,15.0,18.0,12.0
"(1, 77)",144.0,143.0,146.0,169.0,145.0,148.0,184.0,146.0,155.0,75.0,42.0,27.0,19.0,16.0,20.0,28.0,26.0,25.0,28.0,33.0,47.0,37.0,35.0,30.0,37.0,46.0,37.0,31.0,45.0,26.0,41.0,29.0,41.0,50.0,44.0,54.0,48.0,59.0,57.0,38.0
"(2, 1)",84.0,76.0,80.0,98.0,98.0,117.0,93.0,97.0,82.0,49.0,23.0,28.0,28.0,27.0,22.0,32.0,40.0,28.0,34.0,37.0,35.0,35.0,37.0,47.0,40.0,46.0,43.0,40.0,39.0,34.0,31.0,33.0,41.0,55.0,48.0,45.0,36.0,59.0,42.0,49.0
"(2, 2)",515.0,512.0,485.0,501.0,511.0,509.0,488.0,535.0,446.0,218.0,113.0,113.0,94.0,111.0,93.0,126.0,105.0,116.0,111.0,102.0,124.0,163.0,130.0,137.0,158.0,129.0,140.0,134.0,130.0,128.0,164.0,142.0,160.0,150.0,178.0,189.0,243.0,222.0,165.0,158.0
"(2, 3)",41.0,43.0,45.0,37.0,40.0,49.0,44.0,37.0,37.0,23.0,18.0,14.0,12.0,6.0,6.0,8.0,10.0,14.0,6.0,9.0,12.0,21.0,13.0,13.0,17.0,14.0,14.0,13.0,9.0,13.0,19.0,15.0,22.0,19.0,17.0,25.0,22.0,27.0,26.0,25.0
"(2, 4)",62.0,59.0,64.0,56.0,43.0,50.0,56.0,53.0,69.0,18.0,12.0,12.0,9.0,18.0,9.0,13.0,10.0,14.0,9.0,18.0,13.0,15.0,15.0,18.0,20.0,22.0,31.0,14.0,18.0,24.0,27.0,20.0,19.0,22.0,20.0,27.0,27.0,31.0,17.0,28.0
"(2, 6)",26.0,18.0,25.0,31.0,37.0,30.0,32.0,37.0,27.0,12.0,3.0,4.0,4.0,6.0,7.0,7.0,10.0,7.0,6.0,6.0,21.0,11.0,11.0,19.0,24.0,22.0,13.0,18.0,21.0,21.0,21.0,12.0,18.0,16.0,20.0,28.0,32.0,26.0,29.0,34.0
"(2, 8)",46.0,45.0,35.0,34.0,38.0,38.0,43.0,46.0,30.0,21.0,11.0,10.0,17.0,9.0,7.0,10.0,12.0,17.0,8.0,8.0,8.0,20.0,10.0,24.0,22.0,27.0,18.0,32.0,19.0,26.0,40.0,27.0,32.0,27.0,27.0,33.0,28.0,22.0,31.0,33.0
"(2, 13)",40.0,37.0,29.0,42.0,32.0,24.0,28.0,21.0,26.0,19.0,7.0,9.0,5.0,13.0,9.0,14.0,8.0,8.0,10.0,13.0,8.0,17.0,6.0,16.0,13.0,18.0,13.0,19.0,12.0,18.0,14.0,21.0,20.0,18.0,18.0,15.0,23.0,19.0,17.0,28.0
"(2, 14)",14.0,20.0,27.0,27.0,28.0,28.0,25.0,25.0,30.0,19.0,9.0,9.0,5.0,4.0,8.0,6.0,7.0,7.0,7.0,9.0,6.0,8.0,9.0,6.0,13.0,13.0,5.0,17.0,9.0,8.0,8.0,9.0,10.0,9.0,8.0,10.0,6.0,11.0,18.0,12.0
"(2, 76)",44.0,44.0,32.0,33.0,33.0,32.0,45.0,29.0,18.0,8.0,1.0,2.0,4.0,0.0,0.0,4.0,1.0,1.0,3.0,8.0,8.0,9.0,6.0,8.0,4.0,5.0,13.0,7.0,10.0,13.0,11.0,7.0,11.0,10.0,7.0,18.0,8.0,9.0,14.0,11.0
"(2, 77)",77.0,91.0,95.0,108.0,110.0,68.0,92.0,84.0,96.0,57.0,32.0,32.0,25.0,19.0,17.0,18.0,24.0,36.0,26.0,22.0,38.0,51.0,41.0,38.0,48.0,28.0,37.0,35.0,37.0,33.0,42.0,46.0,36.0,48.0,34.0,43.0,26.0,42.0,36.0,50.0
"(3, 1)",71.0,71.0,90.0,91.0,84.0,67.0,86.0,89.0,78.0,45.0,31.0,14.0,15.0,17.0,23.0,22.0,28.0,27.0,27.0,33.0,51.0,25.0,30.0,36.0,29.0,39.0,44.0,29.0,28.0,39.0,39.0,32.0,42.0,43.0,37.0,51.0,32.0,46.0,36.0,50.0
"(3, 2)",51.0,67.0,69.0,55.0,45.0,51.0,57.0,49.0,59.0,37.0,22.0,16.0,19.0,11.0,13.0,21.0,19.0,20.0,15.0,16.0,26.0,26.0,21.0,20.0,28.0,23.0,31.0,32.0,20.0,23.0,21.0,24.0,25.0,22.0,15.0,24.0,22.0,28.0,26.0,15.0
"(3, 3)",935.0,852.0,834.0,849.0,1001.0,860.0,977.0,927.0,821.0,383.0,208.0,225.0,180.0,190.0,186.0,285.0,240.0,286.0,246.0,258.0,383.0,301.0,288.0,324.0,321.0,330.0,304.0,279.0,265.0,319.0,349.0,342.0,345.0,353.0,335.0,309.0,327.0,413.0,322.0,347.0
"(3, 4)",83.0,94.0,95.0,100.0,92.0,110.0,100.0,131.0,86.0,44.0,26.0,15.0,13.0,12.0,16.0,19.0,12.0,19.0,20.0,29.0,22.0,28.0,28.0,30.0,26.0,25.0,36.0,29.0,27.0,26.0,27.0,22.0,25.0,28.0,23.0,33.0,30.0,30.0,34.0,33.0
"(3, 5)",38.0,35.0,26.0,40.0,34.0,42.0,32.0,41.0,29.0,11.0,2.0,2.0,7.0,6.0,5.0,11.0,6.0,4.0,5.0,4.0,6.0,10.0,7.0,10.0,6.0,7.0,10.0,8.0,17.0,7.0,9.0,13.0,9.0,4.0,16.0,13.0,9.0,12.0,14.0,7.0
"(3, 6)",305.0,311.0,329.0,316.0,340.0,333.0,352.0,362.0,318.0,153.0,85.0,71.0,84.0,54.0,61.0,69.0,81.0,85.0,74.0,75.0,124.0,116.0,95.0,85.0,100.0,115.0,115.0,113.0,101.0,110.0,107.0,104.0,117.0,122.0,119.0,115.0,112.0,146.0,140.0,131.0
"(3, 7)",73.0,68.0,79.0,74.0,93.0,69.0,81.0,108.0,61.0,12.0,8.0,7.0,7.0,9.0,5.0,10.0,14.0,8.0,11.0,17.0,29.0,25.0,24.0,21.0,22.0,16.0,17.0,17.0,19.0,27.0,20.0,16.0,21.0,22.0,18.0,20.0,19.0,22.0,30.0,23.0
"(3, 8)",247.0,275.0,261.0,250.0,240.0,245.0,294.0,287.0,223.0,51.0,17.0,29.0,21.0,25.0,26.0,19.0,33.0,33.0,39.0,44.0,72.0,57.0,58.0,62.0,58.0,53.0,65.0,59.0,58.0,54.0,72.0,69.0,57.0,81.0,78.0,91.0,105.0,71.0,78.0,79.0
"(3, 14)",33.0,24.0,34.0,37.0,37.0,38.0,31.0,31.0,41.0,10.0,6.0,6.0,6.0,8.0,0.0,5.0,4.0,4.0,6.0,5.0,10.0,9.0,11.0,7.0,16.0,11.0,12.0,8.0,14.0,10.0,17.0,16.0,17.0,27.0,14.0,12.0,11.0,10.0,6.0,17.0
"(3, 24)",32.0,27.0,24.0,24.0,35.0,33.0,28.0,45.0,25.0,9.0,3.0,4.0,2.0,4.0,3.0,1.0,6.0,5.0,3.0,6.0,8.0,6.0,9.0,4.0,9.0,14.0,10.0,12.0,8.0,15.0,20.0,16.0,10.0,11.0,8.0,13.0,11.0,17.0,16.0,7.0
"(3, 28)",55.0,62.0,48.0,60.0,75.0,62.0,78.0,80.0,50.0,17.0,8.0,7.0,8.0,9.0,6.0,7.0,4.0,5.0,2.0,8.0,17.0,8.0,9.0,18.0,20.0,18.0,12.0,16.0,15.0,16.0,25.0,29.0,18.0,20.0,26.0,27.0,24.0,17.0,27.0,31.0
"(3, 32)",206.0,181.0,155.0,186.0,182.0,155.0,206.0,167.0,155.0,44.0,19.0,15.0,14.0,11.0,9.0,14.0,18.0,15.0,11.0,17.0,22.0,20.0,19.0,26.0,22.0,28.0,25.0,30.0,24.0,36.0,33.0,29.0,21.0,21.0,24.0,27.0,30.0,38.0,40.0,40.0
"(3, 76)",67.0,56.0,59.0,62.0,60.0,65.0,68.0,63.0,22.0,5.0,3.0,0.0,0.0,0.0,1.0,1.0,2.0,1.0,2.0,4.0,1.0,1.0,3.0,5.0,7.0,10.0,4.0,8.0,8.0,6.0,5.0,6.0,8.0,2.0,8.0,8.0,12.0,4.0,14.0,9.0
"(3, 77)",240.0,229.0,220.0,277.0,213.0,222.0,271.0,245.0,256.0,119.0,62.0,63.0,78.0,57.0,54.0,95.0,93.0,91.0,92.0,92.0,153.0,96.0,95.0,89.0,121.0,110.0,92.0,102.0,103.0,113.0,99.0,120.0,103.0,126.0,123.0,104.0,122.0,142.0,109.0,102.0
"(4, 1)",28.0,36.0,37.0,36.0,25.0,27.0,27.0,22.0,35.0,14.0,3.0,7.0,3.0,5.0,6.0,4.0,4.0,6.0,4.0,4.0,10.0,11.0,8.0,10.0,11.0,9.0,7.0,7.0,16.0,12.0,10.0,13.0,10.0,11.0,10.0,19.0,14.0,11.0,13.0,12.0
"(4, 2)",82.0,69.0,82.0,79.0,78.0,74.0,67.0,49.0,75.0,25.0,16.0,20.0,18.0,13.0,13.0,19.0,19.0,16.0,13.0,25.0,19.0,12.0,12.0,22.0,24.0,18.0,31.0,18.0,24.0,32.0,31.0,35.0,28.0,28.0,23.0,26.0,30.0,49.0,36.0,35.0
"(4, 3)",63.0,61.0,76.0,77.0,75.0,72.0,75.0,100.0,84.0,29.0,13.0,26.0,21.0,14.0,17.0,19.0,15.0,29.0,14.0,20.0,28.0,17.0,30.0,32.0,31.0,28.0,37.0,29.0,23.0,20.0,37.0,25.0,13.0,30.0,28.0,23.0,24.0,30.0,29.0,27.0
"(4, 4)",236.0,251.0,248.0,260.0,275.0,228.0,244.0,207.0,205.0,81.0,50.0,75.0,61.0,72.0,44.0,62.0,68.0,63.0,54.0,65.0,86.0,83.0,74.0,80.0,111.0,89.0,90.0,94.0,98.0,105.0,99.0,106.0,98.0,107.0,90.0,84.0,101.0,87.0,105.0,92.0
"(4, 5)",37.0,37.0,42.0,33.0,37.0,34.0,40.0,52.0,45.0,26.0,14.0,12.0,11.0,13.0,12.0,16.0,17.0,15.0,12.0,12.0,15.0,24.0,15.0,13.0,16.0,13.0,21.0,19.0,24.0,16.0,16.0,9.0,8.0,21.0,11.0,15.0,15.0,8.0,12.0,11.0
"(4, 6)",43.0,42.0,47.0,33.0,44.0,48.0,37.0,30.0,29.0,12.0,4.0,5.0,6.0,5.0,9.0,10.0,10.0,7.0,8.0,7.0,9.0,14.0,10.0,12.0,10.0,21.0,18.0,17.0,23.0,7.0,26.0,21.0,9.0,16.0,16.0,18.0,26.0,25.0,24.0,19.0
"(4, 8)",28.0,29.0,39.0,38.0,32.0,33.0,36.0,31.0,24.0,19.0,8.0,4.0,4.0,3.0,0.0,3.0,4.0,5.0,3.0,8.0,8.0,7.0,9.0,9.0,6.0,9.0,9.0,7.0,14.0,9.0,9.0,18.0,18.0,14.0,16.0,13.0,8.0,19.0,20.0,12.0
"(4, 14)",34.0,43.0,43.0,62.0,55.0,48.0,45.0,54.0,45.0,30.0,20.0,11.0,13.0,13.0,11.0,7.0,19.0,10.0,12.0,11.0,6.0,18.0,12.0,25.0,22.0,18.0,20.0,12.0,18.0,16.0,22.0,19.0,19.0,25.0,17.0,18.0,25.0,30.0,16.0,18.0
"(4, 16)",31.0,32.0,28.0,26.0,39.0,22.0,33.0,38.0,35.0,16.0,13.0,3.0,7.0,4.0,6.0,11.0,12.0,10.0,13.0,9.0,11.0,15.0,13.0,24.0,16.0,18.0,9.0,11.0,15.0,10.0,22.0,8.0,15.0,18.0,16.0,20.0,21.0,20.0,25.0,21.0
"(4, 77)",64.0,59.0,67.0,71.0,70.0,68.0,81.0,70.0,59.0,23.0,11.0,8.0,11.0,10.0,6.0,7.0,14.0,16.0,5.0,19.0,16.0,13.0,20.0,25.0,23.0,32.0,28.0,13.0,24.0,22.0,25.0,30.0,18.0,36.0,35.0,43.0,40.0,32.0,43.0,30.0
"(5, 4)",32.0,35.0,30.0,39.0,38.0,47.0,37.0,39.0,43.0,25.0,15.0,14.0,15.0,12.0,14.0,15.0,11.0,14.0,10.0,13.0,15.0,19.0,11.0,14.0,11.0,16.0,18.0,7.0,20.0,17.0,15.0,15.0,16.0,19.0,15.0,17.0,17.0,14.0,19.0,16.0
"(5, 5)",127.0,92.0,95.0,133.0,112.0,113.0,96.0,91.0,92.0,53.0,22.0,36.0,35.0,26.0,32.0,48.0,33.0,33.0,40.0,41.0,43.0,46.0,40.0,43.0,45.0,37.0,43.0,44.0,45.0,50.0,45.0,39.0,37.0,49.0,35.0,32.0,40.0,62.0,52.0,30.0
"(5, 6)",59.0,48.0,57.0,72.0,59.0,56.0,62.0,52.0,58.0,18.0,19.0,23.0,13.0,18.0,15.0,16.0,22.0,16.0,17.0,21.0,39.0,24.0,27.0,18.0,22.0,34.0,42.0,32.0,28.0,25.0,38.0,30.0,31.0,31.0,24.0,26.0,23.0,34.0,35.0,33.0
"(5, 7)",30.0,23.0,30.0,25.0,26.0,29.0,30.0,30.0,31.0,21.0,13.0,9.0,10.0,6.0,5.0,6.0,8.0,8.0,11.0,6.0,6.0,9.0,9.0,8.0,12.0,9.0,9.0,7.0,9.0,9.0,8.0,13.0,7.0,10.0,7.0,3.0,6.0,5.0,8.0,8.0
"(5, 8)",43.0,44.0,52.0,45.0,50.0,37.0,43.0,47.0,45.0,9.0,0.0,3.0,2.0,4.0,0.0,3.0,2.0,5.0,10.0,5.0,11.0,13.0,10.0,7.0,9.0,4.0,16.0,5.0,15.0,15.0,8.0,17.0,15.0,16.0,18.0,11.0,17.0,11.0,15.0,18.0
"(5, 16)",33.0,41.0,34.0,39.0,46.0,48.0,44.0,40.0,32.0,13.0,7.0,11.0,7.0,6.0,10.0,10.0,9.0,12.0,11.0,14.0,10.0,15.0,9.0,16.0,11.0,13.0,13.0,14.0,17.0,14.0,8.0,23.0,15.0,15.0,15.0,13.0,11.0,12.0,10.0,16.0
"(6, 1)",63.0,53.0,68.0,83.0,67.0,81.0,75.0,79.0,73.0,16.0,10.0,27.0,9.0,13.0,16.0,9.0,15.0,16.0,16.0,15.0,44.0,15.0,19.0,13.0,32.0,23.0,25.0,27.0,31.0,30.0,41.0,32.0,31.0,33.0,30.0,31.0,41.0,26.0,36.0,45.0
"(6, 2)",46.0,40.0,50.0,53.0,56.0,47.0,56.0,51.0,45.0,19.0,10.0,10.0,9.0,10.0,14.0,14.0,10.0,19.0,10.0,15.0,22.0,21.0,14.0,22.0,22.0,21.0,21.0,16.0,29.0,18.0,22.0,15.0,26.0,24.0,19.0,27.0,29.0,24.0,21.0,27.0
"(6, 3)",471.0,451.0,533.0,467.0,514.0,556.0,553.0,545.0,497.0,167.0,102.0,80.0,86.0,62.0,65.0,83.0,98.0,87.0,100.0,91.0,153.0,123.0,106.0,97.0,125.0,117.0,134.0,126.0,128.0,125.0,143.0,135.0,120.0,142.0,138.0,132.0,121.0,151.0,165.0,135.0
"(6, 4)",77.0,71.0,81.0,73.0,93.0,95.0,70.0,72.0,85.0,17.0,5.0,14.0,6.0,8.0,2.0,10.0,12.0,13.0,6.0,9.0,12.0,20.0,19.0,23.0,18.0,21.0,19.0,21.0,20.0,26.0,27.0,26.0,20.0,26.0,16.0,16.0,28.0,23.0,31.0,24.0
"(6, 5)",98.0,105.0,112.0,122.0,145.0,126.0,134.0,118.0,116.0,28.0,15.0,18.0,9.0,15.0,19.0,17.0,16.0,19.0,25.0,20.0,33.0,31.0,32.0,22.0,34.0,42.0,40.0,43.0,37.0,41.0,45.0,33.0,31.0,36.0,40.0,42.0,40.0,41.0,41.0,40.0
"(6, 6)",2248.0,2119.0,2241.0,2223.0,2297.0,2286.0,2344.0,2335.0,2386.0,692.0,322.0,309.0,243.0,275.0,216.0,291.0,307.0,288.0,320.0,319.0,503.0,436.0,449.0,478.0,459.0,499.0,459.0,434.0,481.0,475.0,481.0,515.0,513.0,566.0,515.0,528.0,541.0,489.0,571.0,558.0
"(6, 7)",499.0,489.0,543.0,547.0,563.0,565.0,570.0,596.0,654.0,170.0,70.0,82.0,63.0,52.0,61.0,64.0,80.0,78.0,90.0,88.0,135.0,118.0,120.0,98.0,106.0,127.0,103.0,100.0,111.0,112.0,135.0,141.0,147.0,146.0,139.0,143.0,139.0,143.0,141.0,146.0
"(6, 8)",1120.0,996.0,1115.0,1076.0,1130.0,1137.0,1129.0,1207.0,1175.0,219.0,90.0,72.0,59.0,59.0,67.0,62.0,65.0,54.0,68.0,97.0,197.0,141.0,144.0,190.0,160.0,169.0,198.0,197.0,205.0,190.0,223.0,228.0,210.0,219.0,206.0,248.0,251.0,221.0,230.0,236.0
"(6, 14)",35.0,29.0,27.0,21.0,30.0,24.0,27.0,30.0,29.0,5.0,7.0,7.0,7.0,3.0,1.0,2.0,7.0,3.0,4.0,7.0,11.0,10.0,9.0,12.0,12.0,12.0,12.0,11.0,13.0,10.0,13.0,17.0,17.0,10.0,12.0,21.0,19.0,19.0,22.0,19.0
"(6, 15)",17.0,19.0,29.0,19.0,27.0,32.0,29.0,23.0,23.0,11.0,5.0,7.0,7.0,4.0,5.0,11.0,9.0,10.0,8.0,16.0,14.0,15.0,13.0,13.0,4.0,13.0,11.0,7.0,8.0,20.0,9.0,5.0,9.0,6.0,6.0,12.0,5.0,10.0,8.0,9.0
"(6, 16)",75.0,94.0,62.0,80.0,75.0,83.0,83.0,74.0,67.0,16.0,6.0,9.0,7.0,6.0,10.0,9.0,12.0,6.0,9.0,12.0,20.0,11.0,17.0,22.0,24.0,16.0,22.0,17.0,33.0,20.0,22.0,15.0,19.0,21.0,18.0,31.0,28.0,31.0,30.0,30.0
"(6, 21)",62.0,55.0,56.0,72.0,62.0,65.0,55.0,63.0,65.0,19.0,8.0,5.0,10.0,6.0,2.0,12.0,4.0,8.0,7.0,5.0,22.0,14.0,14.0,21.0,18.0,13.0,8.0,18.0,17.0,16.0,26.0,12.0,13.0,12.0,16.0,13.0,23.0,16.0,21.0,29.0
"(6, 22)",69.0,101.0,80.0,98.0,84.0,83.0,110.0,92.0,102.0,16.0,13.0,24.0,14.0,13.0,9.0,26.0,21.0,23.0,30.0,26.0,34.0,25.0,24.0,29.0,29.0,41.0,23.0,35.0,31.0,35.0,28.0,27.0,34.0,35.0,31.0,38.0,36.0,34.0,30.0,29.0
"(6, 24)",112.0,85.0,104.0,105.0,113.0,102.0,108.0,99.0,142.0,15.0,8.0,11.0,9.0,11.0,8.0,10.0,7.0,10.0,14.0,16.0,24.0,18.0,14.0,23.0,18.0,25.0,19.0,20.0,18.0,22.0,30.0,28.0,15.0,20.0,19.0,25.0,23.0,24.0,20.0,35.0
"(6, 28)",218.0,182.0,204.0,222.0,243.0,226.0,238.0,240.0,204.0,29.0,14.0,12.0,7.0,8.0,9.0,7.0,19.0,14.0,16.0,15.0,39.0,35.0,25.0,25.0,36.0,34.0,28.0,35.0,30.0,34.0,43.0,35.0,34.0,58.0,32.0,45.0,39.0,39.0,32.0,36.0
"(6, 32)",630.0,548.0,624.0,640.0,677.0,664.0,711.0,692.0,664.0,165.0,31.0,20.0,12.0,16.0,12.0,18.0,15.0,16.0,28.0,37.0,59.0,54.0,46.0,62.0,53.0,57.0,67.0,43.0,67.0,42.0,69.0,71.0,57.0,61.0,59.0,82.0,62.0,79.0,81.0,68.0
"(6, 33)",42.0,38.0,34.0,40.0,51.0,49.0,48.0,43.0,29.0,6.0,2.0,4.0,3.0,5.0,5.0,8.0,6.0,4.0,3.0,10.0,3.0,3.0,6.0,4.0,6.0,6.0,6.0,8.0,11.0,6.0,11.0,5.0,6.0,7.0,6.0,11.0,14.0,10.0,10.0,15.0
"(6, 76)",213.0,186.0,200.0,203.0,209.0,211.0,205.0,176.0,112.0,20.0,9.0,1.0,4.0,1.0,5.0,4.0,4.0,8.0,8.0,8.0,17.0,5.0,13.0,8.0,9.0,11.0,12.0,10.0,12.0,15.0,16.0,18.0,13.0,13.0,11.0,18.0,18.0,16.0,20.0,18.0
"(6, 77)",196.0,194.0,235.0,227.0,227.0,215.0,225.0,239.0,185.0,62.0,23.0,23.0,23.0,29.0,20.0,30.0,34.0,32.0,41.0,57.0,77.0,56.0,57.0,75.0,50.0,57.0,66.0,61.0,65.0,61.0,85.0,73.0,73.0,83.0,73.0,70.0,95.0,97.0,78.0,76.0
"(7, 3)",61.0,59.0,78.0,58.0,68.0,80.0,84.0,84.0,71.0,18.0,7.0,8.0,6.0,6.0,3.0,7.0,11.0,18.0,11.0,12.0,28.0,12.0,20.0,22.0,11.0,21.0,20.0,17.0,12.0,23.0,27.0,19.0,16.0,17.0,24.0,30.0,25.0,22.0,23.0,23.0
"(7, 5)",35.0,37.0,42.0,33.0,46.0,63.0,45.0,65.0,37.0,10.0,8.0,6.0,5.0,8.0,1.0,3.0,6.0,8.0,12.0,9.0,13.0,5.0,10.0,13.0,11.0,6.0,10.0,9.0,10.0,9.0,13.0,9.0,8.0,15.0,6.0,9.0,9.0,9.0,11.0,5.0
"(7, 6)",423.0,434.0,448.0,443.0,426.0,473.0,479.0,511.0,491.0,138.0,49.0,69.0,47.0,36.0,47.0,50.0,48.0,54.0,67.0,82.0,115.0,104.0,92.0,99.0,88.0,118.0,82.0,97.0,77.0,97.0,107.0,116.0,119.0,139.0,116.0,136.0,133.0,122.0,133.0,114.0
"(7, 7)",974.0,963.0,929.0,981.0,1030.0,1115.0,1074.0,1044.0,957.0,233.0,88.0,88.0,59.0,77.0,72.0,111.0,92.0,106.0,103.0,124.0,210.0,153.0,157.0,142.0,133.0,158.0,144.0,165.0,138.0,170.0,191.0,187.0,193.0,188.0,153.0,205.0,189.0,199.0,194.0,199.0
"(7, 8)",1403.0,1362.0,1397.0,1398.0,1443.0,1459.0,1532.0,1519.0,1298.0,256.0,76.0,63.0,48.0,44.0,53.0,65.0,70.0,60.0,80.0,90.0,180.0,156.0,142.0,149.0,158.0,156.0,169.0,168.0,166.0,170.0,190.0,203.0,201.0,211.0,184.0,217.0,243.0,258.0,235.0,206.0
"(7, 22)",63.0,65.0,81.0,71.0,70.0,90.0,75.0,74.0,64.0,15.0,4.0,5.0,5.0,7.0,7.0,17.0,5.0,16.0,9.0,14.0,24.0,26.0,13.0,30.0,22.0,16.0,22.0,20.0,12.0,24.0,20.0,19.0,17.0,16.0,16.0,18.0,16.0,18.0,29.0,15.0
"(7, 24)",132.0,140.0,141.0,137.0,151.0,153.0,145.0,155.0,116.0,24.0,13.0,11.0,8.0,5.0,6.0,7.0,9.0,8.0,4.0,18.0,20.0,13.0,14.0,11.0,12.0,14.0,11.0,27.0,22.0,18.0,25.0,25.0,16.0,30.0,30.0,25.0,35.0,25.0,27.0,22.0
"(7, 28)",206.0,196.0,198.0,225.0,250.0,250.0,220.0,270.0,205.0,31.0,7.0,9.0,7.0,13.0,10.0,10.0,9.0,15.0,11.0,21.0,28.0,24.0,26.0,23.0,26.0,32.0,23.0,21.0,26.0,26.0,30.0,37.0,36.0,26.0,29.0,35.0,39.0,31.0,39.0,24.0
"(7, 32)",717.0,704.0,757.0,793.0,784.0,799.0,777.0,829.0,650.0,121.0,23.0,20.0,13.0,11.0,13.0,16.0,12.0,16.0,18.0,18.0,26.0,36.0,28.0,38.0,45.0,42.0,34.0,49.0,47.0,41.0,53.0,57.0,42.0,46.0,58.0,36.0,62.0,45.0,62.0,47.0
"(7, 76)",137.0,133.0,163.0,167.0,167.0,160.0,154.0,112.0,77.0,15.0,1.0,1.0,0.0,2.0,1.0,1.0,0.0,6.0,3.0,3.0,8.0,6.0,7.0,7.0,7.0,6.0,6.0,7.0,5.0,10.0,7.0,6.0,9.0,11.0,7.0,13.0,9.0,12.0,13.0,5.0
"(7, 77)",47.0,49.0,48.0,51.0,55.0,53.0,58.0,47.0,35.0,24.0,14.0,9.0,10.0,9.0,10.0,14.0,9.0,13.0,15.0,13.0,18.0,22.0,19.0,11.0,18.0,20.0,21.0,23.0,28.0,29.0,20.0,21.0,19.0,16.0,20.0,19.0,32.0,20.0,27.0,16.0
"(8, 1)",105.0,103.0,108.0,106.0,126.0,132.0,137.0,133.0,100.0,25.0,7.0,8.0,15.0,5.0,7.0,6.0,6.0,8.0,12.0,23.0,36.0,23.0,25.0,20.0,36.0,26.0,33.0,35.0,40.0,39.0,53.0,40.0,53.0,38.0,47.0,38.0,51.0,44.0,54.0,57.0
"(8, 2)",79.0,64.0,71.0,76.0,74.0,92.0,95.0,76.0,60.0,28.0,7.0,13.0,8.0,1.0,12.0,14.0,16.0,13.0,9.0,20.0,26.0,17.0,22.0,26.0,40.0,26.0,35.0,42.0,29.0,32.0,39.0,23.0,34.0,36.0,35.0,45.0,34.0,33.0,34.0,36.0
"(8, 3)",552.0,557.0,544.0,552.0,601.0,579.0,641.0,529.0,456.0,111.0,33.0,27.0,28.0,31.0,32.0,29.0,35.0,39.0,42.0,55.0,108.0,75.0,76.0,74.0,129.0,90.0,94.0,96.0,91.0,108.0,146.0,118.0,113.0,135.0,115.0,126.0,126.0,133.0,144.0,135.0
"(8, 4)",165.0,140.0,166.0,168.0,161.0,192.0,186.0,166.0,155.0,26.0,13.0,5.0,3.0,3.0,6.0,6.0,7.0,7.0,8.0,8.0,15.0,13.0,17.0,14.0,27.0,17.0,21.0,26.0,25.0,30.0,33.0,30.0,19.0,32.0,30.0,35.0,30.0,33.0,34.0,23.0
"(8, 5)",253.0,263.0,275.0,235.0,293.0,283.0,316.0,292.0,189.0,19.0,1.0,7.0,2.0,7.0,4.0,4.0,7.0,7.0,14.0,7.0,14.0,16.0,25.0,21.0,23.0,21.0,32.0,22.0,26.0,22.0,29.0,30.0,30.0,44.0,36.0,39.0,43.0,29.0,33.0,36.0
"(8, 6)",2197.0,2009.0,2236.0,2188.0,2349.0,2337.0,2410.0,2395.0,2060.0,341.0,106.0,77.0,64.0,68.0,81.0,69.0,68.0,62.0,93.0,114.0,232.0,231.0,212.0,297.0,261.0,308.0,307.0,304.0,325.0,305.0,357.0,319.0,346.0,361.0,330.0,442.0,411.0,427.0,404.0,375.0
"(8, 7)",3281.0,3195.0,3329.0,3436.0,3550.0,3533.0,3727.0,3642.0,2993.0,408.0,111.0,103.0,76.0,84.0,84.0,103.0,91.0,94.0,115.0,127.0,212.0,272.0,236.0,293.0,330.0,354.0,306.0,340.0,333.0,329.0,347.0,369.0,383.0,414.0,359.0,465.0,528.0,463.0,454.0,399.0
"(8, 8)",29901.0,27292.0,27055.0,27517.0,33398.0,31474.0,29383.0,28015.0,24073.0,4327.0,1218.0,1045.0,894.0,801.0,821.0,876.0,1065.0,1117.0,1117.0,993.0,1330.0,1920.0,2123.0,2505.0,2676.0,2792.0,2844.0,2724.0,2905.0,2922.0,2549.0,3034.0,3026.0,3437.0,3003.0,3346.0,3347.0,3631.0,3601.0,3601.0
"(8, 14)",98.0,90.0,88.0,81.0,89.0,102.0,106.0,96.0,52.0,13.0,5.0,2.0,2.0,5.0,8.0,5.0,10.0,7.0,11.0,12.0,15.0,10.0,14.0,17.0,19.0,18.0,19.0,22.0,19.0,17.0,28.0,14.0,17.0,13.0,13.0,18.0,20.0,15.0,17.0,18.0
"(8, 15)",52.0,46.0,43.0,45.0,37.0,42.0,56.0,42.0,50.0,10.0,5.0,2.0,0.0,2.0,0.0,1.0,4.0,2.0,5.0,2.0,12.0,8.0,7.0,13.0,10.0,13.0,14.0,8.0,10.0,7.0,13.0,13.0,7.0,13.0,10.0,11.0,12.0,20.0,19.0,17.0
"(8, 16)",112.0,121.0,120.0,124.0,148.0,126.0,146.0,131.0,101.0,32.0,6.0,7.0,6.0,8.0,6.0,7.0,4.0,3.0,5.0,12.0,22.0,24.0,23.0,22.0,23.0,16.0,18.0,24.0,19.0,18.0,31.0,23.0,23.0,23.0,26.0,22.0,28.0,27.0,32.0,27.0
"(8, 21)",112.0,111.0,113.0,111.0,130.0,129.0,141.0,110.0,120.0,16.0,1.0,6.0,5.0,3.0,3.0,1.0,4.0,9.0,8.0,3.0,11.0,12.0,19.0,11.0,12.0,10.0,9.0,19.0,9.0,10.0,22.0,12.0,15.0,16.0,13.0,18.0,21.0,18.0,25.0,14.0
"(8, 22)",537.0,497.0,578.0,488.0,581.0,593.0,589.0,579.0,469.0,65.0,8.0,18.0,9.0,9.0,10.0,10.0,14.0,15.0,14.0,15.0,29.0,26.0,27.0,51.0,44.0,39.0,33.0,42.0,51.0,55.0,50.0,53.0,45.0,52.0,52.0,63.0,63.0,49.0,57.0,53.0
"(8, 23)",68.0,65.0,61.0,50.0,83.0,56.0,66.0,59.0,59.0,17.0,9.0,6.0,7.0,5.0,11.0,7.0,14.0,10.0,18.0,8.0,22.0,12.0,10.0,11.0,23.0,11.0,22.0,15.0,16.0,23.0,19.0,15.0,13.0,18.0,14.0,10.0,21.0,11.0,20.0,15.0
"(8, 24)",2223.0,2205.0,2296.0,2274.0,2697.0,2527.0,2574.0,2403.0,2035.0,252.0,54.0,54.0,37.0,53.0,28.0,53.0,55.0,60.0,69.0,78.0,124.0,122.0,135.0,154.0,161.0,201.0,175.0,180.0,182.0,191.0,208.0,209.0,190.0,233.0,210.0,272.0,221.0,253.0,266.0,247.0
"(8, 25)",46.0,48.0,50.0,44.0,34.0,50.0,48.0,51.0,40.0,22.0,12.0,18.0,10.0,5.0,4.0,9.0,12.0,10.0,15.0,10.0,15.0,20.0,21.0,19.0,20.0,18.0,24.0,23.0,24.0,28.0,19.0,23.0,27.0,26.0,20.0,20.0,25.0,25.0,35.0,37.0
"(8, 28)",8066.0,7604.0,7684.0,7910.0,9213.0,8541.0,8458.0,8244.0,6287.0,806.0,161.0,107.0,105.0,93.0,97.0,101.0,100.0,129.0,148.0,141.0,199.0,309.0,355.0,369.0,472.0,517.0,471.0,453.0,488.0,509.0,497.0,509.0,507.0,614.0,525.0,652.0,696.0,645.0,658.0,638.0
"(8, 31)",99.0,116.0,110.0,119.0,129.0,127.0,141.0,121.0,89.0,18.0,5.0,6.0,9.0,5.0,5.0,9.0,5.0,5.0,4.0,7.0,10.0,9.0,9.0,11.0,13.0,15.0,12.0,17.0,19.0,15.0,27.0,22.0,14.0,16.0,14.0,21.0,22.0,12.0,22.0,16.0
"(8, 32)",18406.0,16867.0,17125.0,17767.0,20559.0,19853.0,18564.0,17972.0,14500.0,2086.0,400.0,282.0,227.0,180.0,181.0,212.0,222.0,255.0,281.0,248.0,310.0,544.0,730.0,870.0,990.0,1164.0,1049.0,1086.0,1069.0,1123.0,1015.0,1232.0,1131.0,1345.0,1097.0,1320.0,1280.0,1252.0,1284.0,1302.0
"(8, 33)",2282.0,1031.0,1008.0,1451.0,1950.0,2656.0,1395.0,1378.0,876.0,119.0,29.0,30.0,14.0,18.0,22.0,27.0,35.0,30.0,29.0,45.0,67.0,75.0,88.0,101.0,122.0,124.0,109.0,160.0,131.0,156.0,148.0,165.0,138.0,150.0,135.0,164.0,170.0,146.0,152.0,150.0
"(8, 34)",87.0,61.0,43.0,72.0,62.0,73.0,81.0,74.0,38.0,5.0,3.0,2.0,1.0,5.0,2.0,1.0,2.0,1.0,1.0,1.0,10.0,3.0,8.0,3.0,10.0,10.0,5.0,7.0,11.0,11.0,9.0,13.0,9.0,10.0,5.0,6.0,16.0,12.0,19.0,6.0
"(8, 35)",103.0,100.0,101.0,99.0,128.0,111.0,114.0,103.0,83.0,28.0,12.0,8.0,6.0,1.0,7.0,8.0,5.0,11.0,7.0,9.0,21.0,14.0,28.0,17.0,22.0,23.0,28.0,20.0,29.0,36.0,34.0,21.0,35.0,23.0,29.0,40.0,31.0,37.0,38.0,39.0
"(8, 38)",36.0,30.0,33.0,30.0,50.0,39.0,33.0,34.0,34.0,15.0,8.0,12.0,4.0,10.0,7.0,8.0,10.0,16.0,14.0,14.0,19.0,10.0,11.0,17.0,27.0,11.0,25.0,25.0,22.0,20.0,14.0,23.0,28.0,21.0,24.0,25.0,35.0,28.0,18.0,27.0
"(8, 39)",62.0,73.0,63.0,69.0,86.0,76.0,85.0,85.0,74.0,28.0,15.0,8.0,5.0,10.0,9.0,5.0,15.0,11.0,16.0,11.0,15.0,19.0,29.0,32.0,23.0,27.0,29.0,33.0,38.0,44.0,39.0,28.0,36.0,30.0,34.0,35.0,46.0,36.0,36.0,32.0
"(8, 41)",164.0,160.0,168.0,197.0,223.0,215.0,222.0,211.0,169.0,28.0,10.0,5.0,9.0,7.0,8.0,5.0,13.0,18.0,11.0,14.0,21.0,23.0,27.0,17.0,23.0,24.0,25.0,36.0,28.0,29.0,36.0,47.0,24.0,34.0,25.0,46.0,54.0,35.0,44.0,44.0
"(8, 42)",31.0,26.0,25.0,32.0,39.0,30.0,38.0,34.0,37.0,10.0,3.0,10.0,0.0,2.0,5.0,3.0,4.0,8.0,8.0,4.0,11.0,6.0,8.0,8.0,17.0,9.0,16.0,7.0,11.0,13.0,11.0,12.0,17.0,12.0,18.0,15.0,17.0,15.0,18.0,28.0
"(8, 43)",36.0,44.0,56.0,56.0,56.0,48.0,51.0,61.0,38.0,20.0,7.0,9.0,8.0,4.0,10.0,12.0,9.0,15.0,10.0,12.0,22.0,18.0,23.0,19.0,24.0,26.0,33.0,34.0,34.0,33.0,26.0,41.0,29.0,33.0,32.0,43.0,29.0,56.0,41.0,39.0
"(8, 44)",30.0,30.0,22.0,19.0,26.0,27.0,32.0,32.0,31.0,7.0,3.0,8.0,7.0,11.0,7.0,12.0,11.0,8.0,9.0,11.0,12.0,9.0,12.0,7.0,8.0,8.0,6.0,10.0,8.0,3.0,10.0,12.0,15.0,10.0,9.0,12.0,10.0,14.0,9.0,14.0
"(8, 56)",335.0,395.0,407.0,382.0,430.0,681.0,498.0,462.0,317.0,38.0,9.0,7.0,3.0,0.0,5.0,5.0,7.0,4.0,8.0,9.0,16.0,21.0,13.0,18.0,20.0,19.0,11.0,19.0,14.0,25.0,21.0,22.0,18.0,21.0,22.0,19.0,30.0,34.0,30.0,43.0
"(8, 60)",57.0,58.0,44.0,57.0,66.0,68.0,71.0,58.0,48.0,13.0,3.0,7.0,5.0,4.0,5.0,3.0,5.0,3.0,5.0,10.0,11.0,11.0,6.0,10.0,17.0,12.0,11.0,12.0,14.0,16.0,17.0,17.0,13.0,16.0,12.0,17.0,11.0,14.0,10.0,16.0
"(8, 69)",28.0,22.0,20.0,20.0,19.0,25.0,27.0,23.0,26.0,7.0,3.0,5.0,7.0,3.0,3.0,6.0,2.0,9.0,6.0,9.0,12.0,16.0,9.0,9.0,8.0,8.0,13.0,16.0,18.0,14.0,7.0,16.0,22.0,27.0,20.0,18.0,19.0,22.0,19.0,16.0
"(8, 76)",1806.0,1520.0,1479.0,1446.0,1708.0,2469.0,1859.0,1811.0,966.0,184.0,20.0,9.0,6.0,2.0,9.0,9.0,13.0,7.0,22.0,24.0,20.0,25.0,46.0,40.0,50.0,51.0,46.0,48.0,65.0,54.0,68.0,58.0,64.0,56.0,85.0,67.0,93.0,94.0,94.0,102.0
"(8, 77)",365.0,319.0,331.0,325.0,385.0,359.0,395.0,318.0,311.0,77.0,30.0,24.0,25.0,24.0,28.0,17.0,24.0,40.0,32.0,53.0,94.0,81.0,63.0,79.0,83.0,87.0,82.0,97.0,97.0,104.0,105.0,109.0,91.0,121.0,125.0,133.0,141.0,147.0,120.0,138.0
"(10, 10)",88.0,74.0,74.0,71.0,99.0,63.0,74.0,93.0,65.0,28.0,23.0,12.0,17.0,19.0,18.0,16.0,25.0,26.0,23.0,22.0,28.0,25.0,34.0,27.0,31.0,26.0,41.0,24.0,25.0,33.0,40.0,33.0,26.0,28.0,33.0,41.0,35.0,41.0,38.0,43.0
"(11, 10)",40.0,32.0,40.0,51.0,53.0,48.0,54.0,64.0,55.0,27.0,9.0,17.0,6.0,10.0,10.0,14.0,18.0,21.0,17.0,16.0,11.0,13.0,13.0,21.0,27.0,15.0,15.0,14.0,11.0,15.0,14.0,13.0,11.0,12.0,10.0,11.0,14.0,13.0,14.0,12.0
"(11, 11)",282.0,247.0,186.0,200.0,215.0,245.0,235.0,196.0,152.0,42.0,28.0,39.0,25.0,27.0,45.0,34.0,37.0,27.0,24.0,29.0,38.0,32.0,35.0,34.0,45.0,28.0,35.0,25.0,31.0,36.0,28.0,29.0,36.0,43.0,32.0,44.0,43.0,47.0,30.0,29.0
"(11, 15)",77.0,84.0,67.0,69.0,80.0,85.0,100.0,77.0,78.0,38.0,28.0,19.0,7.0,10.0,5.0,12.0,7.0,18.0,15.0,8.0,14.0,8.0,16.0,21.0,13.0,14.0,19.0,19.0,17.0,24.0,16.0,9.0,14.0,16.0,15.0,22.0,15.0,10.0,16.0,23.0
"(13, 2)",22.0,23.0,22.0,30.0,19.0,17.0,27.0,25.0,16.0,11.0,6.0,5.0,5.0,4.0,8.0,7.0,15.0,5.0,8.0,11.0,10.0,7.0,15.0,13.0,13.0,17.0,5.0,11.0,10.0,12.0,18.0,9.0,15.0,25.0,15.0,8.0,22.0,15.0,15.0,23.0
"(13, 13)",87.0,86.0,112.0,101.0,76.0,88.0,107.0,112.0,89.0,41.0,17.0,25.0,15.0,6.0,14.0,16.0,30.0,18.0,21.0,30.0,39.0,32.0,27.0,35.0,34.0,25.0,18.0,24.0,29.0,40.0,30.0,56.0,35.0,45.0,37.0,53.0,50.0,59.0,37.0,48.0
"(14, 4)",50.0,37.0,45.0,37.0,55.0,51.0,39.0,55.0,42.0,23.0,9.0,8.0,10.0,7.0,6.0,2.0,10.0,3.0,10.0,10.0,6.0,14.0,10.0,23.0,9.0,16.0,8.0,12.0,15.0,12.0,14.0,15.0,16.0,19.0,16.0,12.0,15.0,14.0,9.0,7.0
"(14, 13)",25.0,17.0,22.0,32.0,26.0,27.0,23.0,35.0,24.0,18.0,12.0,10.0,9.0,9.0,8.0,12.0,9.0,12.0,13.0,7.0,6.0,19.0,9.0,5.0,10.0,14.0,14.0,13.0,15.0,13.0,8.0,13.0,9.0,13.0,11.0,10.0,11.0,11.0,14.0,6.0
"(14, 14)",136.0,121.0,167.0,130.0,172.0,150.0,193.0,138.0,128.0,86.0,71.0,68.0,51.0,27.0,29.0,45.0,47.0,42.0,35.0,42.0,59.0,33.0,59.0,42.0,66.0,53.0,58.0,64.0,41.0,64.0,58.0,78.0,47.0,55.0,52.0,75.0,59.0,75.0,64.0,51.0
"(14, 16)",49.0,62.0,72.0,65.0,57.0,74.0,73.0,76.0,69.0,36.0,25.0,30.0,21.0,13.0,19.0,21.0,21.0,18.0,13.0,22.0,14.0,26.0,22.0,29.0,27.0,35.0,29.0,11.0,27.0,31.0,22.0,27.0,30.0,35.0,28.0,39.0,21.0,32.0,32.0,24.0
"(15, 15)",174.0,169.0,259.0,192.0,152.0,179.0,208.0,186.0,130.0,73.0,41.0,50.0,43.0,32.0,39.0,53.0,38.0,43.0,29.0,41.0,73.0,63.0,52.0,59.0,64.0,44.0,60.0,57.0,76.0,77.0,75.0,80.0,60.0,67.0,76.0,64.0,44.0,64.0,81.0,62.0
"(15, 16)",23.0,30.0,31.0,22.0,33.0,22.0,26.0,25.0,42.0,18.0,14.0,12.0,13.0,8.0,4.0,8.0,13.0,15.0,20.0,14.0,19.0,10.0,15.0,11.0,7.0,7.0,18.0,10.0,9.0,9.0,10.0,9.0,12.0,12.0,11.0,13.0,13.0,11.0,6.0,15.0
"(16, 4)",39.0,29.0,33.0,27.0,44.0,26.0,29.0,28.0,33.0,11.0,7.0,1.0,3.0,8.0,5.0,8.0,6.0,8.0,13.0,7.0,8.0,14.0,10.0,20.0,13.0,11.0,13.0,13.0,15.0,11.0,22.0,11.0,13.0,14.0,15.0,19.0,16.0,28.0,16.0,22.0
"(16, 5)",22.0,30.0,34.0,33.0,27.0,34.0,39.0,41.0,23.0,9.0,5.0,11.0,4.0,6.0,8.0,13.0,9.0,13.0,11.0,14.0,13.0,16.0,13.0,16.0,16.0,13.0,13.0,12.0,14.0,11.0,12.0,13.0,16.0,18.0,20.0,11.0,15.0,12.0,7.0,10.0
"(16, 6)",48.0,40.0,36.0,45.0,50.0,39.0,33.0,46.0,26.0,11.0,10.0,4.0,0.0,6.0,5.0,4.0,10.0,7.0,8.0,6.0,15.0,12.0,11.0,24.0,24.0,21.0,19.0,15.0,18.0,18.0,14.0,11.0,12.0,19.0,20.0,33.0,31.0,22.0,24.0,24.0
"(16, 8)",34.0,35.0,34.0,32.0,30.0,34.0,36.0,35.0,25.0,10.0,5.0,7.0,6.0,11.0,7.0,8.0,2.0,6.0,3.0,8.0,13.0,14.0,8.0,12.0,8.0,24.0,17.0,20.0,12.0,10.0,17.0,10.0,11.0,11.0,17.0,20.0,22.0,12.0,19.0,10.0
"(16, 14)",65.0,59.0,61.0,67.0,75.0,73.0,70.0,62.0,69.0,39.0,22.0,23.0,17.0,11.0,17.0,15.0,17.0,16.0,13.0,12.0,16.0,19.0,23.0,21.0,33.0,32.0,28.0,15.0,23.0,32.0,25.0,32.0,15.0,25.0,34.0,28.0,27.0,39.0,24.0,30.0
"(16, 15)",37.0,46.0,35.0,32.0,37.0,30.0,39.0,61.0,55.0,24.0,19.0,9.0,11.0,3.0,12.0,17.0,17.0,16.0,17.0,14.0,15.0,12.0,16.0,16.0,17.0,13.0,22.0,7.0,10.0,12.0,12.0,12.0,13.0,16.0,11.0,13.0,20.0,17.0,24.0,20.0
"(16, 16)",477.0,390.0,389.0,380.0,407.0,387.0,439.0,402.0,384.0,140.0,75.0,79.0,78.0,82.0,97.0,106.0,144.0,128.0,134.0,157.0,130.0,116.0,136.0,128.0,153.0,174.0,176.0,208.0,169.0,162.0,192.0,199.0,177.0,184.0,163.0,184.0,184.0,169.0,198.0,180.0
"(16, 21)",37.0,36.0,36.0,39.0,44.0,29.0,52.0,43.0,46.0,23.0,13.0,14.0,16.0,10.0,5.0,18.0,19.0,23.0,12.0,12.0,21.0,15.0,24.0,16.0,10.0,15.0,15.0,15.0,17.0,17.0,25.0,20.0,16.0,17.0,25.0,22.0,12.0,16.0,14.0,21.0
"(17, 17)",20.0,32.0,20.0,23.0,28.0,23.0,37.0,20.0,27.0,12.0,7.0,12.0,3.0,7.0,9.0,13.0,17.0,9.0,15.0,17.0,11.0,8.0,13.0,7.0,13.0,7.0,4.0,6.0,3.0,5.0,7.0,12.0,16.0,16.0,16.0,13.0,11.0,12.0,7.0,14.0
"(19, 19)",45.0,42.0,38.0,34.0,51.0,43.0,36.0,42.0,45.0,28.0,29.0,31.0,30.0,12.0,25.0,21.0,20.0,29.0,24.0,14.0,27.0,16.0,17.0,9.0,14.0,33.0,22.0,18.0,15.0,22.0,29.0,33.0,29.0,22.0,27.0,21.0,23.0,22.0,16.0,14.0
"(21, 16)",30.0,41.0,25.0,35.0,42.0,30.0,39.0,31.0,38.0,13.0,10.0,9.0,14.0,5.0,9.0,16.0,20.0,18.0,17.0,23.0,15.0,26.0,20.0,25.0,21.0,18.0,14.0,11.0,15.0,15.0,35.0,17.0,18.0,17.0,22.0,24.0,20.0,15.0,15.0,20.0
"(21, 21)",323.0,245.0,279.0,302.0,368.0,369.0,422.0,445.0,334.0,116.0,43.0,50.0,33.0,41.0,23.0,27.0,24.0,34.0,30.0,45.0,39.0,37.0,51.0,30.0,34.0,33.0,57.0,35.0,47.0,43.0,59.0,41.0,41.0,42.0,37.0,24.0,59.0,28.0,44.0,38.0
"(21, 22)",23.0,21.0,43.0,34.0,24.0,18.0,30.0,28.0,22.0,10.0,6.0,12.0,8.0,7.0,6.0,5.0,9.0,12.0,15.0,5.0,7.0,8.0,5.0,6.0,10.0,7.0,9.0,9.0,9.0,15.0,14.0,11.0,12.0,18.0,10.0,11.0,6.0,7.0,10.0,15.0
"(22, 6)",35.0,43.0,53.0,41.0,41.0,46.0,50.0,41.0,36.0,14.0,20.0,14.0,13.0,10.0,10.0,14.0,17.0,15.0,17.0,21.0,18.0,23.0,20.0,26.0,16.0,29.0,23.0,22.0,17.0,28.0,23.0,26.0,33.0,23.0,26.0,22.0,29.0,28.0,21.0,22.0
"(22, 7)",42.0,59.0,50.0,43.0,43.0,47.0,55.0,52.0,37.0,8.0,3.0,9.0,9.0,4.0,9.0,15.0,15.0,16.0,12.0,12.0,25.0,23.0,17.0,21.0,21.0,13.0,19.0,23.0,14.0,25.0,19.0,19.0,17.0,23.0,16.0,21.0,13.0,22.0,21.0,17.0
"(22, 8)",54.0,84.0,97.0,95.0,69.0,88.0,83.0,68.0,56.0,21.0,5.0,9.0,4.0,2.0,7.0,11.0,9.0,7.0,9.0,12.0,12.0,5.0,10.0,17.0,11.0,19.0,8.0,9.0,12.0,13.0,8.0,11.0,11.0,14.0,24.0,28.0,24.0,10.0,30.0,21.0
"(22, 21)",29.0,29.0,35.0,36.0,29.0,15.0,31.0,24.0,17.0,17.0,12.0,5.0,7.0,5.0,6.0,10.0,8.0,11.0,7.0,10.0,12.0,7.0,7.0,4.0,15.0,11.0,11.0,9.0,8.0,10.0,12.0,11.0,9.0,10.0,12.0,11.0,5.0,6.0,14.0,13.0
"(22, 22)",193.0,212.0,211.0,201.0,211.0,255.0,267.0,228.0,197.0,66.0,68.0,61.0,47.0,36.0,33.0,60.0,73.0,68.0,59.0,66.0,88.0,74.0,50.0,83.0,82.0,78.0,77.0,60.0,50.0,94.0,75.0,73.0,54.0,99.0,57.0,74.0,87.0,70.0,108.0,82.0
"(22, 24)",102.0,91.0,118.0,97.0,99.0,114.0,100.0,88.0,96.0,25.0,15.0,21.0,19.0,15.0,15.0,19.0,18.0,14.0,14.0,23.0,26.0,18.0,14.0,10.0,24.0,17.0,12.0,16.0,20.0,25.0,20.0,16.0,21.0,21.0,24.0,18.0,32.0,18.0,26.0,25.0
"(22, 28)",39.0,40.0,39.0,35.0,43.0,41.0,43.0,41.0,38.0,12.0,5.0,6.0,3.0,1.0,2.0,8.0,4.0,1.0,5.0,7.0,5.0,4.0,10.0,6.0,4.0,4.0,10.0,10.0,14.0,8.0,11.0,7.0,11.0,12.0,7.0,12.0,12.0,13.0,20.0,18.0
"(23, 23)",26.0,38.0,40.0,38.0,36.0,34.0,50.0,40.0,41.0,21.0,16.0,19.0,17.0,14.0,18.0,29.0,14.0,16.0,24.0,17.0,20.0,15.0,10.0,5.0,12.0,17.0,16.0,23.0,28.0,21.0,11.0,14.0,15.0,20.0,22.0,22.0,23.0,28.0,22.0,15.0
"(24, 6)",47.0,44.0,48.0,65.0,74.0,57.0,70.0,67.0,47.0,13.0,7.0,5.0,6.0,5.0,4.0,5.0,7.0,7.0,7.0,12.0,13.0,15.0,6.0,11.0,10.0,13.0,15.0,18.0,15.0,10.0,21.0,18.0,13.0,12.0,15.0,15.0,24.0,10.0,17.0,13.0
"(24, 7)",85.0,87.0,81.0,75.0,56.0,90.0,84.0,92.0,71.0,22.0,9.0,8.0,7.0,5.0,6.0,3.0,4.0,4.0,5.0,10.0,20.0,11.0,10.0,15.0,14.0,5.0,16.0,17.0,13.0,19.0,18.0,19.0,22.0,20.0,14.0,19.0,28.0,22.0,20.0,20.0
"(24, 8)",401.0,394.0,376.0,385.0,490.0,522.0,452.0,469.0,387.0,81.0,35.0,37.0,25.0,34.0,15.0,25.0,34.0,25.0,28.0,30.0,59.0,50.0,40.0,44.0,62.0,66.0,45.0,53.0,49.0,78.0,63.0,62.0,68.0,71.0,68.0,72.0,58.0,61.0,67.0,68.0
"(24, 22)",125.0,105.0,125.0,112.0,113.0,137.0,144.0,122.0,98.0,30.0,12.0,23.0,13.0,9.0,9.0,12.0,15.0,21.0,17.0,22.0,25.0,25.0,18.0,21.0,20.0,20.0,16.0,12.0,26.0,27.0,26.0,21.0,21.0,27.0,26.0,21.0,28.0,26.0,27.0,15.0
"(24, 23)",47.0,63.0,69.0,67.0,58.0,72.0,76.0,48.0,42.0,28.0,9.0,10.0,3.0,5.0,8.0,10.0,9.0,9.0,18.0,18.0,21.0,11.0,14.0,9.0,11.0,16.0,7.0,20.0,22.0,17.0,16.0,6.0,11.0,13.0,16.0,15.0,9.0,15.0,11.0,13.0
"(24, 24)",759.0,665.0,728.0,729.0,783.0,751.0,825.0,725.0,664.0,209.0,96.0,126.0,102.0,95.0,87.0,135.0,142.0,115.0,103.0,122.0,158.0,137.0,132.0,136.0,137.0,153.0,139.0,123.0,121.0,128.0,132.0,102.0,122.0,136.0,148.0,131.0,135.0,132.0,163.0,137.0
"(24, 28)",180.0,188.0,170.0,213.0,245.0,215.0,228.0,216.0,192.0,38.0,21.0,17.0,17.0,9.0,13.0,20.0,24.0,16.0,20.0,15.0,30.0,21.0,22.0,27.0,31.0,26.0,26.0,34.0,31.0,39.0,30.0,26.0,33.0,36.0,33.0,31.0,35.0,52.0,34.0,48.0
"(24, 32)",149.0,153.0,183.0,172.0,190.0,165.0,166.0,163.0,160.0,49.0,9.0,9.0,6.0,6.0,3.0,2.0,7.0,2.0,6.0,3.0,10.0,10.0,8.0,15.0,15.0,16.0,15.0,7.0,28.0,21.0,16.0,20.0,10.0,16.0,20.0,17.0,12.0,19.0,12.0,26.0
"(24, 76)",45.0,45.0,55.0,59.0,62.0,67.0,57.0,46.0,39.0,4.0,3.0,1.0,1.0,0.0,1.0,0.0,1.0,2.0,2.0,6.0,3.0,2.0,5.0,5.0,2.0,8.0,6.0,3.0,5.0,1.0,5.0,7.0,9.0,2.0,4.0,8.0,9.0,6.0,6.0,9.0
"(25, 8)",11.0,16.0,23.0,14.0,13.0,18.0,22.0,19.0,17.0,14.0,12.0,8.0,9.0,2.0,3.0,7.0,15.0,14.0,14.0,14.0,8.0,12.0,16.0,16.0,21.0,11.0,18.0,16.0,19.0,17.0,14.0,14.0,17.0,20.0,20.0,17.0,24.0,21.0,14.0,26.0
"(25, 25)",41.0,47.0,54.0,44.0,49.0,63.0,51.0,35.0,62.0,29.0,29.0,42.0,35.0,16.0,25.0,32.0,45.0,32.0,42.0,29.0,36.0,19.0,25.0,28.0,39.0,26.0,16.0,19.0,24.0,25.0,21.0,33.0,26.0,40.0,26.0,42.0,32.0,56.0,41.0,25.0
"(25, 28)",34.0,47.0,44.0,39.0,42.0,45.0,36.0,42.0,42.0,30.0,8.0,3.0,13.0,7.0,12.0,17.0,16.0,14.0,23.0,18.0,14.0,13.0,11.0,9.0,12.0,15.0,15.0,15.0,17.0,11.0,19.0,16.0,18.0,20.0,18.0,23.0,22.0,18.0,29.0,19.0
"(27, 27)",48.0,43.0,43.0,42.0,63.0,50.0,50.0,50.0,31.0,27.0,14.0,20.0,15.0,6.0,8.0,16.0,15.0,13.0,10.0,8.0,21.0,12.0,16.0,12.0,12.0,5.0,5.0,15.0,13.0,18.0,26.0,15.0,22.0,20.0,16.0,9.0,9.0,18.0,16.0,12.0
"(27, 28)",24.0,18.0,21.0,27.0,34.0,22.0,25.0,24.0,28.0,13.0,7.0,12.0,12.0,7.0,8.0,12.0,12.0,12.0,3.0,13.0,26.0,15.0,9.0,11.0,18.0,22.0,15.0,22.0,15.0,18.0,21.0,16.0,20.0,25.0,22.0,17.0,20.0,27.0,26.0,18.0
"(28, 1)",32.0,35.0,29.0,47.0,41.0,41.0,44.0,61.0,39.0,12.0,5.0,4.0,1.0,5.0,4.0,3.0,6.0,5.0,2.0,8.0,8.0,6.0,10.0,8.0,7.0,19.0,9.0,6.0,12.0,4.0,10.0,10.0,12.0,14.0,6.0,16.0,9.0,19.0,13.0,16.0
"(28, 3)",117.0,109.0,97.0,135.0,140.0,119.0,133.0,131.0,110.0,39.0,15.0,13.0,6.0,7.0,6.0,8.0,9.0,8.0,8.0,11.0,21.0,14.0,26.0,25.0,29.0,22.0,34.0,22.0,23.0,28.0,32.0,26.0,25.0,27.0,24.0,32.0,37.0,31.0,25.0,41.0
"(28, 4)",50.0,56.0,62.0,54.0,67.0,58.0,44.0,53.0,48.0,11.0,4.0,4.0,3.0,2.0,1.0,1.0,6.0,5.0,7.0,7.0,8.0,8.0,7.0,6.0,11.0,8.0,7.0,12.0,10.0,16.0,9.0,8.0,9.0,11.0,16.0,15.0,9.0,20.0,18.0,11.0
"(28, 5)",89.0,89.0,112.0,101.0,93.0,103.0,121.0,125.0,81.0,10.0,5.0,2.0,6.0,0.0,1.0,4.0,7.0,4.0,6.0,6.0,4.0,13.0,11.0,9.0,10.0,8.0,10.0,7.0,8.0,10.0,17.0,8.0,16.0,17.0,14.0,6.0,4.0,21.0,16.0,7.0
"(28, 6)",460.0,471.0,449.0,441.0,537.0,527.0,511.0,569.0,420.0,69.0,17.0,8.0,12.0,7.0,11.0,6.0,18.0,20.0,26.0,32.0,42.0,43.0,47.0,46.0,61.0,54.0,51.0,57.0,57.0,47.0,71.0,44.0,67.0,73.0,55.0,71.0,79.0,55.0,51.0,61.0
"(28, 7)",604.0,577.0,641.0,666.0,708.0,691.0,704.0,742.0,559.0,59.0,27.0,28.0,21.0,22.0,14.0,23.0,24.0,31.0,32.0,32.0,33.0,42.0,46.0,52.0,52.0,63.0,41.0,62.0,62.0,47.0,60.0,66.0,71.0,55.0,58.0,69.0,71.0,68.0,72.0,60.0
"(28, 8)",8534.0,8372.0,8039.0,8604.0,9353.0,8975.0,9083.0,8639.0,6618.0,830.0,195.0,166.0,155.0,124.0,113.0,130.0,164.0,175.0,188.0,205.0,214.0,359.0,433.0,441.0,492.0,524.0,529.0,532.0,535.0,568.0,559.0,580.0,537.0,638.0,614.0,703.0,696.0,718.0,740.0,714.0
"(28, 14)",33.0,33.0,31.0,35.0,30.0,35.0,44.0,34.0,27.0,9.0,7.0,5.0,8.0,6.0,3.0,5.0,5.0,10.0,6.0,4.0,12.0,13.0,10.0,12.0,6.0,7.0,10.0,14.0,7.0,13.0,18.0,6.0,18.0,6.0,12.0,14.0,17.0,9.0,13.0,8.0
"(28, 16)",54.0,54.0,58.0,63.0,64.0,62.0,72.0,54.0,44.0,10.0,10.0,2.0,5.0,3.0,9.0,5.0,12.0,13.0,11.0,10.0,11.0,21.0,16.0,10.0,14.0,12.0,20.0,19.0,12.0,15.0,17.0,11.0,20.0,30.0,16.0,15.0,30.0,31.0,13.0,17.0
"(28, 21)",32.0,48.0,38.0,58.0,35.0,50.0,46.0,40.0,42.0,7.0,1.0,3.0,2.0,3.0,4.0,3.0,7.0,0.0,1.0,6.0,9.0,7.0,6.0,8.0,12.0,11.0,6.0,5.0,9.0,14.0,10.0,5.0,4.0,13.0,16.0,13.0,12.0,8.0,10.0,12.0
"(28, 22)",219.0,212.0,228.0,223.0,245.0,265.0,231.0,256.0,162.0,29.0,7.0,13.0,10.0,7.0,7.0,10.0,11.0,12.0,9.0,9.0,22.0,17.0,17.0,16.0,20.0,15.0,19.0,25.0,20.0,31.0,26.0,30.0,30.0,34.0,20.0,34.0,28.0,26.0,32.0,37.0
"(28, 23)",39.0,35.0,46.0,39.0,37.0,32.0,40.0,40.0,30.0,10.0,9.0,9.0,12.0,5.0,10.0,11.0,11.0,10.0,15.0,15.0,19.0,18.0,19.0,15.0,15.0,18.0,18.0,16.0,16.0,19.0,14.0,8.0,16.0,24.0,9.0,17.0,18.0,27.0,17.0,18.0
"(28, 24)",988.0,972.0,986.0,991.0,1163.0,1067.0,1046.0,1154.0,894.0,91.0,39.0,26.0,22.0,30.0,25.0,27.0,28.0,21.0,32.0,37.0,64.0,63.0,69.0,72.0,80.0,86.0,64.0,91.0,70.0,75.0,71.0,77.0,68.0,90.0,80.0,87.0,86.0,109.0,98.0,106.0
"(28, 25)",50.0,59.0,67.0,80.0,61.0,58.0,58.0,68.0,70.0,51.0,17.0,11.0,19.0,20.0,24.0,19.0,28.0,14.0,26.0,29.0,25.0,32.0,36.0,33.0,28.0,34.0,25.0,27.0,26.0,30.0,36.0,30.0,31.0,47.0,38.0,34.0,37.0,40.0,51.0,32.0
"(28, 27)",47.0,45.0,45.0,50.0,60.0,55.0,69.0,52.0,53.0,33.0,10.0,22.0,14.0,20.0,17.0,17.0,16.0,18.0,12.0,28.0,36.0,19.0,18.0,23.0,36.0,30.0,30.0,25.0,27.0,25.0,27.0,37.0,25.0,27.0,33.0,31.0,33.0,42.0,29.0,31.0
"(28, 28)",6275.0,5749.0,5744.0,6181.0,6860.0,6430.0,6688.0,6227.0,5131.0,1082.0,431.0,431.0,439.0,375.0,351.0,444.0,465.0,397.0,476.0,436.0,593.0,586.0,589.0,673.0,719.0,672.0,690.0,643.0,706.0,670.0,799.0,702.0,718.0,844.0,752.0,812.0,865.0,975.0,940.0,848.0
"(28, 29)",37.0,51.0,41.0,51.0,63.0,44.0,50.0,63.0,38.0,27.0,10.0,18.0,14.0,13.0,13.0,23.0,20.0,23.0,22.0,22.0,28.0,22.0,25.0,24.0,23.0,28.0,26.0,22.0,21.0,16.0,28.0,31.0,24.0,32.0,27.0,27.0,34.0,27.0,36.0,22.0
"(28, 31)",134.0,113.0,129.0,123.0,139.0,151.0,118.0,134.0,123.0,32.0,14.0,19.0,13.0,8.0,12.0,28.0,27.0,19.0,26.0,21.0,27.0,29.0,22.0,27.0,33.0,43.0,39.0,40.0,38.0,36.0,39.0,35.0,40.0,43.0,47.0,43.0,44.0,39.0,50.0,47.0
"(28, 32)",10006.0,9916.0,9351.0,9758.0,10793.0,9674.0,9949.0,9432.0,7634.0,1122.0,220.0,172.0,150.0,121.0,114.0,126.0,137.0,167.0,155.0,156.0,170.0,252.0,350.0,363.0,440.0,486.0,444.0,426.0,431.0,463.0,438.0,477.0,502.0,543.0,561.0,609.0,585.0,633.0,571.0,580.0
"(28, 33)",677.0,612.0,555.0,836.0,1269.0,1253.0,1184.0,690.0,458.0,115.0,39.0,33.0,31.0,23.0,22.0,24.0,26.0,30.0,41.0,31.0,43.0,40.0,44.0,50.0,78.0,78.0,69.0,72.0,74.0,77.0,94.0,77.0,113.0,106.0,97.0,98.0,85.0,108.0,93.0,91.0
"(28, 34)",80.0,61.0,59.0,59.0,78.0,79.0,68.0,73.0,45.0,17.0,5.0,4.0,1.0,7.0,3.0,4.0,4.0,5.0,2.0,8.0,10.0,13.0,11.0,10.0,7.0,6.0,5.0,11.0,15.0,19.0,8.0,11.0,9.0,20.0,14.0,13.0,13.0,9.0,15.0,16.0
"(28, 35)",71.0,73.0,80.0,85.0,89.0,80.0,74.0,77.0,59.0,35.0,20.0,21.0,17.0,15.0,17.0,16.0,19.0,16.0,15.0,22.0,28.0,34.0,15.0,36.0,28.0,32.0,28.0,29.0,38.0,26.0,41.0,33.0,29.0,42.0,34.0,29.0,32.0,45.0,43.0,37.0
"(28, 36)",17.0,15.0,15.0,14.0,20.0,19.0,15.0,12.0,24.0,11.0,7.0,1.0,3.0,6.0,8.0,4.0,11.0,9.0,10.0,13.0,10.0,11.0,15.0,12.0,14.0,7.0,16.0,13.0,8.0,13.0,18.0,18.0,15.0,15.0,19.0,9.0,14.0,16.0,14.0,10.0
"(28, 38)",39.0,38.0,49.0,56.0,51.0,55.0,49.0,47.0,33.0,27.0,15.0,13.0,21.0,11.0,18.0,19.0,14.0,23.0,25.0,23.0,28.0,24.0,29.0,33.0,29.0,19.0,32.0,23.0,26.0,29.0,24.0,33.0,38.0,33.0,32.0,31.0,37.0,34.0,25.0,23.0
"(28, 39)",47.0,46.0,45.0,39.0,68.0,45.0,55.0,38.0,39.0,24.0,7.0,11.0,15.0,9.0,12.0,13.0,12.0,12.0,15.0,12.0,27.0,20.0,17.0,16.0,21.0,21.0,19.0,17.0,28.0,22.0,38.0,29.0,30.0,33.0,26.0,35.0,31.0,24.0,24.0,23.0
"(28, 41)",105.0,119.0,96.0,91.0,98.0,115.0,112.0,108.0,94.0,28.0,12.0,18.0,14.0,12.0,10.0,17.0,8.0,14.0,11.0,19.0,12.0,21.0,25.0,13.0,24.0,21.0,24.0,34.0,23.0,36.0,37.0,34.0,32.0,30.0,33.0,41.0,44.0,39.0,26.0,35.0
"(28, 42)",34.0,17.0,27.0,28.0,32.0,19.0,38.0,44.0,22.0,13.0,3.0,5.0,8.0,6.0,4.0,7.0,9.0,9.0,13.0,4.0,12.0,9.0,11.0,13.0,7.0,14.0,19.0,15.0,13.0,8.0,19.0,16.0,16.0,14.0,21.0,18.0,23.0,18.0,29.0,23.0
"(28, 43)",39.0,48.0,46.0,57.0,46.0,44.0,62.0,59.0,56.0,27.0,20.0,17.0,24.0,24.0,23.0,23.0,30.0,26.0,17.0,30.0,27.0,27.0,24.0,32.0,29.0,24.0,24.0,24.0,35.0,33.0,35.0,35.0,40.0,37.0,57.0,49.0,41.0,47.0,51.0,54.0
"(28, 44)",44.0,43.0,46.0,50.0,50.0,45.0,64.0,60.0,42.0,29.0,18.0,14.0,15.0,9.0,10.0,12.0,20.0,9.0,9.0,11.0,14.0,10.0,17.0,12.0,9.0,15.0,17.0,22.0,13.0,15.0,18.0,19.0,19.0,24.0,24.0,30.0,21.0,29.0,37.0,40.0
"(28, 49)",33.0,33.0,35.0,31.0,37.0,37.0,48.0,38.0,27.0,11.0,10.0,10.0,5.0,13.0,11.0,6.0,10.0,7.0,11.0,5.0,10.0,11.0,13.0,16.0,14.0,5.0,2.0,4.0,7.0,11.0,12.0,10.0,15.0,16.0,11.0,8.0,29.0,12.0,12.0,11.0
"(28, 56)",114.0,100.0,128.0,116.0,107.0,119.0,111.0,121.0,74.0,19.0,6.0,7.0,1.0,0.0,3.0,2.0,5.0,5.0,13.0,8.0,9.0,13.0,17.0,12.0,10.0,10.0,16.0,13.0,11.0,15.0,15.0,18.0,16.0,11.0,11.0,16.0,15.0,23.0,13.0,18.0
"(28, 60)",52.0,53.0,56.0,48.0,52.0,51.0,66.0,58.0,35.0,13.0,7.0,4.0,4.0,3.0,8.0,10.0,8.0,8.0,6.0,9.0,12.0,11.0,14.0,8.0,14.0,8.0,16.0,10.0,9.0,15.0,13.0,12.0,16.0,13.0,15.0,20.0,22.0,21.0,25.0,20.0
"(28, 69)",30.0,29.0,34.0,35.0,28.0,41.0,37.0,43.0,43.0,27.0,12.0,18.0,10.0,11.0,10.0,16.0,18.0,11.0,13.0,12.0,18.0,15.0,5.0,7.0,15.0,16.0,10.0,12.0,17.0,17.0,23.0,17.0,18.0,18.0,20.0,16.0,18.0,12.0,22.0,18.0
"(28, 71)",30.0,29.0,33.0,26.0,29.0,25.0,43.0,32.0,22.0,20.0,13.0,12.0,10.0,8.0,8.0,10.0,12.0,17.0,12.0,16.0,14.0,25.0,33.0,24.0,29.0,12.0,18.0,21.0,15.0,18.0,20.0,18.0,21.0,19.0,32.0,28.0,34.0,25.0,35.0,30.0
"(28, 76)",414.0,342.0,373.0,444.0,436.0,397.0,495.0,428.0,214.0,36.0,17.0,9.0,3.0,4.0,2.0,5.0,10.0,10.0,6.0,10.0,21.0,11.0,10.0,17.0,12.0,21.0,23.0,15.0,20.0,19.0,21.0,29.0,15.0,27.0,16.0,28.0,21.0,32.0,27.0,22.0
"(28, 77)",53.0,78.0,67.0,68.0,83.0,71.0,80.0,82.0,67.0,17.0,13.0,11.0,9.0,9.0,11.0,15.0,17.0,23.0,29.0,22.0,22.0,30.0,26.0,28.0,35.0,36.0,28.0,33.0,38.0,35.0,39.0,33.0,35.0,26.0,25.0,21.0,36.0,34.0,35.0,31.0
"(29, 28)",14.0,21.0,25.0,20.0,32.0,21.0,26.0,32.0,22.0,14.0,7.0,9.0,6.0,4.0,5.0,15.0,8.0,11.0,10.0,19.0,12.0,12.0,10.0,8.0,7.0,11.0,11.0,10.0,8.0,12.0,14.0,18.0,19.0,13.0,12.0,14.0,12.0,14.0,14.0,7.0
"(29, 29)",21.0,20.0,28.0,19.0,18.0,35.0,27.0,36.0,25.0,17.0,16.0,19.0,13.0,9.0,7.0,16.0,13.0,13.0,13.0,5.0,17.0,10.0,11.0,8.0,9.0,16.0,8.0,9.0,8.0,8.0,11.0,10.0,13.0,13.0,16.0,12.0,14.0,17.0,12.0,21.0
"(31, 28)",29.0,38.0,37.0,31.0,20.0,26.0,28.0,24.0,32.0,10.0,4.0,7.0,7.0,7.0,4.0,16.0,20.0,6.0,14.0,10.0,11.0,13.0,9.0,11.0,18.0,20.0,18.0,25.0,23.0,11.0,15.0,26.0,15.0,18.0,21.0,13.0,18.0,12.0,17.0,21.0
"(31, 31)",36.0,37.0,31.0,38.0,58.0,45.0,67.0,50.0,41.0,12.0,9.0,9.0,7.0,9.0,7.0,6.0,12.0,12.0,11.0,18.0,24.0,10.0,12.0,19.0,10.0,14.0,17.0,13.0,17.0,10.0,19.0,22.0,19.0,19.0,23.0,15.0,18.0,16.0,21.0,24.0
"(32, 1)",63.0,57.0,67.0,81.0,68.0,83.0,86.0,94.0,91.0,27.0,9.0,11.0,6.0,7.0,6.0,5.0,4.0,8.0,4.0,10.0,12.0,13.0,6.0,6.0,11.0,16.0,5.0,11.0,15.0,8.0,16.0,17.0,10.0,17.0,15.0,11.0,18.0,23.0,14.0,20.0
"(32, 2)",55.0,54.0,55.0,60.0,53.0,63.0,68.0,63.0,56.0,14.0,4.0,6.0,6.0,6.0,6.0,3.0,9.0,4.0,4.0,4.0,7.0,6.0,4.0,9.0,7.0,13.0,5.0,6.0,12.0,9.0,9.0,10.0,10.0,12.0,8.0,12.0,11.0,9.0,13.0,8.0
"(32, 3)",422.0,394.0,420.0,409.0,468.0,423.0,452.0,421.0,385.0,84.0,30.0,25.0,19.0,19.0,16.0,13.0,18.0,21.0,29.0,24.0,30.0,44.0,16.0,30.0,28.0,47.0,35.0,46.0,43.0,49.0,43.0,43.0,55.0,47.0,37.0,56.0,52.0,61.0,54.0,50.0
"(32, 4)",138.0,130.0,155.0,129.0,165.0,178.0,188.0,190.0,168.0,19.0,1.0,3.0,5.0,3.0,0.0,1.0,1.0,1.0,2.0,3.0,7.0,7.0,3.0,5.0,7.0,5.0,6.0,9.0,3.0,7.0,5.0,12.0,5.0,8.0,2.0,8.0,10.0,6.0,8.0,7.0
"(32, 5)",283.0,311.0,338.0,285.0,286.0,305.0,322.0,321.0,268.0,51.0,2.0,3.0,2.0,3.0,0.0,0.0,2.0,1.0,1.0,1.0,1.0,2.0,5.0,6.0,4.0,8.0,9.0,9.0,11.0,5.0,6.0,17.0,11.0,10.0,9.0,13.0,3.0,12.0,7.0,5.0
"(32, 6)",1757.0,1738.0,1822.0,1901.0,2055.0,2121.0,2131.0,2133.0,1780.0,316.0,49.0,33.0,19.0,14.0,13.0,13.0,21.0,20.0,25.0,40.0,30.0,68.0,61.0,72.0,80.0,77.0,83.0,78.0,83.0,99.0,85.0,92.0,94.0,108.0,96.0,108.0,124.0,112.0,109.0,99.0
"(32, 7)",2427.0,2363.0,2450.0,2526.0,2717.0,2671.0,2827.0,2765.0,2499.0,340.0,50.0,37.0,36.0,25.0,24.0,21.0,20.0,28.0,37.0,27.0,47.0,64.0,64.0,70.0,67.0,106.0,88.0,83.0,82.0,95.0,78.0,89.0,80.0,100.0,96.0,92.0,135.0,124.0,118.0,120.0
"(32, 8)",22100.0,21269.0,21233.0,22594.0,25299.0,24166.0,23507.0,22765.0,17830.0,2687.0,413.0,309.0,260.0,203.0,232.0,223.0,225.0,239.0,267.0,240.0,311.0,584.0,669.0,777.0,900.0,957.0,1007.0,1018.0,1039.0,1099.0,921.0,1094.0,1079.0,1261.0,1134.0,1349.0,1365.0,1328.0,1290.0,1261.0
"(32, 14)",74.0,49.0,46.0,61.0,64.0,71.0,69.0,72.0,44.0,20.0,4.0,2.0,4.0,1.0,0.0,1.0,0.0,0.0,3.0,0.0,2.0,3.0,3.0,5.0,5.0,6.0,4.0,7.0,3.0,4.0,7.0,15.0,10.0,7.0,9.0,10.0,6.0,12.0,11.0,5.0
"(32, 15)",37.0,37.0,40.0,41.0,51.0,38.0,44.0,52.0,46.0,7.0,1.0,2.0,0.0,2.0,3.0,3.0,1.0,3.0,4.0,4.0,6.0,3.0,6.0,6.0,11.0,8.0,6.0,6.0,7.0,6.0,2.0,7.0,5.0,4.0,4.0,5.0,9.0,5.0,11.0,5.0
"(32, 16)",102.0,101.0,100.0,127.0,104.0,127.0,121.0,128.0,93.0,23.0,6.0,7.0,2.0,5.0,5.0,3.0,8.0,7.0,9.0,7.0,7.0,5.0,6.0,11.0,4.0,18.0,12.0,17.0,13.0,11.0,14.0,14.0,14.0,15.0,6.0,10.0,11.0,8.0,14.0,14.0
"(32, 21)",109.0,119.0,138.0,118.0,136.0,116.0,128.0,119.0,94.0,18.0,2.0,7.0,2.0,4.0,1.0,1.0,6.0,4.0,1.0,5.0,4.0,9.0,9.0,6.0,5.0,9.0,8.0,3.0,4.0,8.0,5.0,6.0,4.0,9.0,6.0,9.0,11.0,6.0,8.0,6.0
"(32, 22)",463.0,539.0,688.0,578.0,656.0,586.0,637.0,640.0,541.0,65.0,9.0,5.0,3.0,4.0,7.0,4.0,3.0,9.0,5.0,7.0,12.0,13.0,7.0,13.0,19.0,18.0,18.0,15.0,25.0,23.0,20.0,16.0,20.0,20.0,20.0,17.0,39.0,18.0,29.0,29.0
"(32, 23)",49.0,46.0,36.0,43.0,51.0,39.0,51.0,39.0,32.0,7.0,5.0,4.0,5.0,1.0,2.0,3.0,3.0,4.0,4.0,3.0,3.0,2.0,5.0,6.0,8.0,6.0,7.0,11.0,4.0,15.0,7.0,7.0,8.0,8.0,2.0,10.0,8.0,16.0,9.0,12.0
"(32, 24)",1934.0,1957.0,2230.0,2101.0,2285.0,2086.0,2308.0,2287.0,1962.0,302.0,33.0,14.0,10.0,11.0,12.0,11.0,24.0,19.0,25.0,14.0,34.0,48.0,35.0,67.0,58.0,63.0,77.0,54.0,79.0,85.0,57.0,84.0,64.0,100.0,73.0,83.0,90.0,88.0,109.0,80.0
"(32, 25)",31.0,28.0,37.0,38.0,40.0,32.0,37.0,47.0,36.0,21.0,11.0,11.0,10.0,14.0,10.0,12.0,12.0,10.0,13.0,15.0,9.0,11.0,17.0,19.0,19.0,20.0,15.0,14.0,20.0,17.0,11.0,17.0,18.0,18.0,18.0,19.0,28.0,19.0,18.0,19.0
"(32, 27)",33.0,34.0,20.0,49.0,61.0,41.0,52.0,47.0,38.0,15.0,3.0,2.0,3.0,1.0,0.0,2.0,0.0,3.0,4.0,2.0,8.0,8.0,9.0,4.0,11.0,9.0,11.0,9.0,11.0,5.0,8.0,9.0,5.0,16.0,7.0,14.0,8.0,14.0,18.0,15.0
"(32, 28)",12104.0,12021.0,12271.0,12826.0,13651.0,12666.0,13284.0,12886.0,10080.0,1541.0,247.0,172.0,111.0,125.0,129.0,143.0,148.0,165.0,168.0,154.0,172.0,239.0,315.0,361.0,374.0,450.0,438.0,402.0,421.0,452.0,501.0,502.0,495.0,594.0,500.0,605.0,596.0,606.0,635.0,564.0
"(32, 29)",37.0,31.0,30.0,27.0,39.0,41.0,37.0,38.0,28.0,17.0,2.0,3.0,7.0,4.0,5.0,10.0,4.0,4.0,5.0,3.0,6.0,3.0,5.0,5.0,5.0,6.0,7.0,9.0,8.0,7.0,7.0,9.0,8.0,10.0,17.0,6.0,7.0,8.0,7.0,5.0
"(32, 31)",176.0,196.0,188.0,204.0,263.0,214.0,231.0,204.0,194.0,32.0,12.0,4.0,8.0,3.0,5.0,5.0,5.0,2.0,5.0,5.0,8.0,6.0,8.0,6.0,10.0,5.0,7.0,13.0,13.0,9.0,6.0,7.0,7.0,11.0,13.0,14.0,12.0,25.0,12.0,23.0
"(32, 32)",22278.0,21030.0,19993.0,21066.0,23481.0,21703.0,22446.0,20903.0,16894.0,3071.0,424.0,336.0,291.0,231.0,241.0,271.0,272.0,288.0,306.0,240.0,257.0,495.0,552.0,716.0,743.0,802.0,881.0,857.0,893.0,951.0,858.0,908.0,1008.0,1134.0,1010.0,1187.0,1068.0,1218.0,1149.0,1148.0
"(32, 33)",3566.0,1924.0,1651.0,2015.0,2582.0,3234.0,2590.0,2145.0,1550.0,305.0,66.0,48.0,48.0,35.0,34.0,43.0,42.0,31.0,42.0,31.0,36.0,85.0,75.0,90.0,109.0,120.0,130.0,116.0,128.0,112.0,142.0,111.0,139.0,145.0,113.0,147.0,131.0,150.0,157.0,150.0
"(32, 34)",143.0,95.0,83.0,99.0,101.0,120.0,129.0,127.0,82.0,18.0,1.0,3.0,4.0,3.0,2.0,2.0,2.0,0.0,2.0,4.0,5.0,6.0,9.0,7.0,11.0,15.0,9.0,11.0,12.0,16.0,9.0,12.0,15.0,10.0,10.0,10.0,10.0,14.0,22.0,26.0
"(32, 35)",165.0,177.0,181.0,197.0,222.0,188.0,219.0,198.0,192.0,54.0,13.0,10.0,15.0,7.0,12.0,15.0,11.0,11.0,17.0,18.0,14.0,28.0,21.0,29.0,33.0,31.0,32.0,37.0,31.0,41.0,31.0,28.0,27.0,44.0,28.0,38.0,35.0,35.0,44.0,33.0
"(32, 38)",42.0,45.0,59.0,57.0,77.0,56.0,63.0,65.0,54.0,24.0,6.0,8.0,10.0,7.0,10.0,13.0,7.0,9.0,7.0,16.0,6.0,14.0,14.0,13.0,11.0,29.0,24.0,21.0,29.0,27.0,25.0,21.0,27.0,22.0,18.0,26.0,19.0,21.0,16.0,22.0
"(32, 39)",85.0,78.0,84.0,89.0,116.0,104.0,119.0,105.0,88.0,28.0,8.0,7.0,4.0,10.0,8.0,15.0,9.0,6.0,10.0,19.0,14.0,16.0,13.0,19.0,22.0,19.0,21.0,25.0,17.0,21.0,17.0,32.0,25.0,26.0,23.0,29.0,35.0,28.0,27.0,28.0
"(32, 41)",221.0,200.0,246.0,231.0,315.0,256.0,286.0,269.0,171.0,28.0,6.0,6.0,5.0,6.0,2.0,6.0,5.0,6.0,5.0,6.0,8.0,17.0,11.0,21.0,16.0,22.0,22.0,17.0,20.0,22.0,25.0,16.0,25.0,31.0,29.0,36.0,36.0,25.0,38.0,27.0
"(32, 42)",38.0,26.0,35.0,40.0,37.0,45.0,28.0,46.0,32.0,13.0,3.0,6.0,5.0,2.0,2.0,10.0,1.0,6.0,3.0,5.0,7.0,5.0,5.0,5.0,9.0,12.0,4.0,18.0,13.0,15.0,5.0,11.0,21.0,17.0,13.0,17.0,21.0,19.0,20.0,13.0
"(32, 43)",45.0,39.0,61.0,46.0,46.0,53.0,74.0,49.0,52.0,31.0,14.0,11.0,11.0,8.0,10.0,19.0,19.0,21.0,11.0,18.0,17.0,17.0,16.0,24.0,22.0,25.0,29.0,26.0,25.0,24.0,28.0,23.0,25.0,32.0,19.0,25.0,30.0,32.0,37.0,39.0
"(32, 44)",33.0,34.0,34.0,29.0,43.0,45.0,45.0,35.0,32.0,12.0,5.0,2.0,6.0,7.0,1.0,4.0,2.0,5.0,5.0,11.0,5.0,9.0,6.0,10.0,10.0,8.0,4.0,9.0,18.0,11.0,8.0,9.0,10.0,14.0,12.0,11.0,11.0,14.0,16.0,14.0
"(32, 56)",512.0,452.0,490.0,535.0,607.0,671.0,536.0,555.0,270.0,20.0,2.0,0.0,1.0,0.0,0.0,1.0,6.0,3.0,5.0,5.0,13.0,6.0,8.0,6.0,14.0,7.0,10.0,7.0,16.0,9.0,7.0,12.0,17.0,13.0,15.0,23.0,21.0,12.0,17.0,22.0
"(32, 60)",73.0,70.0,79.0,76.0,84.0,95.0,92.0,115.0,79.0,24.0,0.0,3.0,1.0,3.0,1.0,1.0,3.0,1.0,1.0,5.0,2.0,2.0,6.0,8.0,7.0,16.0,5.0,9.0,13.0,8.0,7.0,10.0,6.0,6.0,10.0,12.0,7.0,2.0,8.0,3.0
"(32, 76)",2223.0,1724.0,1751.0,1746.0,2120.0,2461.0,2056.0,2068.0,970.0,98.0,12.0,5.0,2.0,5.0,2.0,6.0,10.0,7.0,9.0,13.0,15.0,12.0,14.0,16.0,27.0,26.0,23.0,27.0,27.0,36.0,46.0,27.0,34.0,28.0,34.0,47.0,49.0,37.0,39.0,57.0
"(32, 77)",227.0,253.0,270.0,268.0,295.0,257.0,312.0,313.0,231.0,60.0,18.0,9.0,8.0,8.0,5.0,5.0,9.0,11.0,7.0,16.0,32.0,17.0,23.0,26.0,24.0,37.0,40.0,34.0,47.0,44.0,37.0,34.0,43.0,32.0,37.0,48.0,46.0,50.0,70.0,39.0
"(33, 6)",45.0,27.0,21.0,58.0,83.0,69.0,93.0,23.0,22.0,7.0,3.0,3.0,3.0,8.0,4.0,4.0,2.0,4.0,5.0,8.0,4.0,7.0,7.0,1.0,5.0,7.0,12.0,5.0,14.0,6.0,12.0,5.0,4.0,7.0,6.0,11.0,11.0,11.0,10.0,10.0
"(33, 7)",77.0,40.0,19.0,68.0,74.0,66.0,69.0,28.0,23.0,4.0,2.0,3.0,1.0,2.0,3.0,0.0,1.0,6.0,0.0,3.0,3.0,4.0,4.0,5.0,2.0,4.0,3.0,6.0,5.0,6.0,9.0,4.0,4.0,2.0,3.0,5.0,9.0,5.0,4.0,6.0
"(33, 8)",3227.0,484.0,458.0,1158.0,1461.0,2234.0,977.0,896.0,352.0,60.0,13.0,19.0,17.0,14.0,13.0,19.0,21.0,21.0,18.0,31.0,40.0,40.0,45.0,40.0,63.0,49.0,46.0,57.0,60.0,59.0,71.0,59.0,63.0,61.0,63.0,68.0,72.0,79.0,87.0,81.0
"(33, 24)",57.0,26.0,30.0,64.0,83.0,63.0,108.0,33.0,10.0,7.0,0.0,1.0,0.0,2.0,0.0,0.0,1.0,0.0,3.0,0.0,3.0,3.0,2.0,2.0,2.0,4.0,2.0,6.0,9.0,3.0,6.0,2.0,2.0,7.0,2.0,0.0,7.0,3.0,6.0,3.0
"(33, 28)",746.0,406.0,356.0,660.0,1092.0,996.0,886.0,481.0,254.0,81.0,26.0,25.0,21.0,22.0,19.0,24.0,27.0,27.0,28.0,31.0,42.0,51.0,39.0,40.0,50.0,44.0,44.0,50.0,50.0,52.0,68.0,56.0,68.0,70.0,59.0,62.0,65.0,75.0,55.0,68.0
"(33, 32)",4112.0,1027.0,868.0,1284.0,1623.0,2431.0,1777.0,1190.0,697.0,149.0,25.0,33.0,32.0,19.0,21.0,21.0,38.0,23.0,35.0,32.0,33.0,53.0,46.0,47.0,66.0,54.0,50.0,58.0,67.0,53.0,77.0,66.0,80.0,102.0,62.0,77.0,68.0,89.0,96.0,85.0
"(33, 33)",1309.0,567.0,471.0,739.0,1077.0,928.0,952.0,575.0,339.0,145.0,75.0,73.0,55.0,63.0,59.0,80.0,100.0,77.0,101.0,73.0,88.0,98.0,88.0,93.0,130.0,115.0,93.0,103.0,95.0,124.0,131.0,96.0,133.0,138.0,109.0,131.0,101.0,118.0,117.0,121.0
"(33, 34)",102.0,35.0,24.0,45.0,75.0,66.0,144.0,49.0,18.0,6.0,6.0,6.0,4.0,2.0,2.0,5.0,5.0,4.0,2.0,4.0,5.0,1.0,8.0,6.0,3.0,4.0,1.0,7.0,11.0,5.0,4.0,3.0,3.0,4.0,3.0,2.0,6.0,5.0,4.0,3.0
"(33, 35)",108.0,67.0,85.0,122.0,212.0,89.0,160.0,85.0,84.0,46.0,37.0,45.0,26.0,29.0,17.0,17.0,35.0,24.0,27.0,19.0,40.0,36.0,28.0,33.0,32.0,41.0,27.0,35.0,43.0,47.0,42.0,36.0,36.0,39.0,43.0,44.0,49.0,42.0,40.0,48.0
"(33, 38)",40.0,21.0,31.0,39.0,52.0,28.0,40.0,30.0,29.0,16.0,10.0,13.0,9.0,14.0,13.0,7.0,17.0,12.0,14.0,18.0,23.0,23.0,16.0,18.0,18.0,21.0,15.0,19.0,20.0,25.0,13.0,19.0,28.0,28.0,19.0,29.0,33.0,23.0,29.0,26.0
"(33, 41)",45.0,24.0,28.0,36.0,60.0,51.0,50.0,56.0,30.0,7.0,0.0,1.0,4.0,0.0,5.0,4.0,7.0,7.0,6.0,7.0,6.0,8.0,8.0,11.0,20.0,14.0,12.0,13.0,12.0,16.0,14.0,17.0,16.0,18.0,20.0,15.0,10.0,11.0,11.0,13.0
"(33, 43)",11.0,16.0,12.0,16.0,25.0,23.0,24.0,15.0,18.0,9.0,11.0,4.0,8.0,7.0,5.0,9.0,10.0,18.0,14.0,11.0,21.0,20.0,11.0,11.0,16.0,23.0,16.0,8.0,10.0,10.0,17.0,19.0,18.0,14.0,16.0,18.0,17.0,25.0,22.0,22.0
"(33, 56)",156.0,90.0,129.0,79.0,80.0,215.0,94.0,129.0,23.0,5.0,1.0,2.0,1.0,0.0,0.0,0.0,4.0,0.0,5.0,4.0,1.0,7.0,9.0,7.0,9.0,8.0,6.0,6.0,6.0,1.0,6.0,6.0,5.0,8.0,4.0,2.0,6.0,7.0,4.0,6.0
"(33, 76)",729.0,125.0,225.0,136.0,147.0,451.0,163.0,400.0,34.0,4.0,1.0,0.0,0.0,0.0,0.0,0.0,1.0,1.0,1.0,1.0,0.0,1.0,2.0,2.0,4.0,1.0,1.0,1.0,6.0,3.0,5.0,6.0,3.0,2.0,4.0,1.0,5.0,9.0,4.0,5.0
"(34, 34)",63.0,81.0,77.0,66.0,75.0,74.0,65.0,54.0,50.0,27.0,11.0,14.0,14.0,5.0,7.0,16.0,17.0,11.0,14.0,16.0,15.0,11.0,11.0,13.0,14.0,12.0,19.0,7.0,17.0,11.0,13.0,8.0,11.0,15.0,11.0,14.0,18.0,15.0,22.0,19.0
"(35, 8)",56.0,47.0,44.0,46.0,67.0,71.0,50.0,51.0,45.0,21.0,5.0,3.0,5.0,3.0,2.0,6.0,6.0,8.0,8.0,6.0,15.0,10.0,16.0,11.0,17.0,11.0,13.0,19.0,19.0,18.0,16.0,21.0,25.0,21.0,23.0,32.0,32.0,15.0,21.0,31.0
"(35, 28)",53.0,50.0,53.0,61.0,56.0,49.0,47.0,53.0,41.0,32.0,27.0,21.0,15.0,9.0,12.0,14.0,18.0,19.0,13.0,17.0,24.0,29.0,25.0,27.0,23.0,19.0,27.0,24.0,23.0,20.0,23.0,16.0,17.0,34.0,34.0,37.0,29.0,40.0,31.0,33.0
"(35, 32)",65.0,72.0,70.0,77.0,63.0,74.0,58.0,66.0,50.0,23.0,9.0,1.0,4.0,2.0,4.0,8.0,4.0,4.0,10.0,8.0,9.0,12.0,9.0,24.0,13.0,16.0,17.0,13.0,20.0,27.0,17.0,15.0,18.0,29.0,24.0,26.0,23.0,28.0,33.0,28.0
"(35, 33)",48.0,41.0,68.0,54.0,68.0,48.0,60.0,49.0,41.0,30.0,17.0,26.0,16.0,15.0,17.0,11.0,18.0,14.0,14.0,9.0,24.0,24.0,17.0,17.0,11.0,20.0,20.0,28.0,24.0,25.0,22.0,27.0,21.0,30.0,20.0,28.0,38.0,36.0,25.0,36.0
"(35, 35)",137.0,129.0,182.0,190.0,177.0,152.0,164.0,152.0,131.0,73.0,63.0,75.0,64.0,47.0,39.0,51.0,49.0,55.0,78.0,63.0,85.0,67.0,68.0,64.0,94.0,93.0,64.0,69.0,82.0,76.0,90.0,63.0,92.0,87.0,94.0,98.0,102.0,112.0,117.0,87.0
"(35, 36)",7.0,12.0,17.0,10.0,8.0,8.0,15.0,14.0,9.0,11.0,4.0,5.0,4.0,9.0,5.0,15.0,18.0,13.0,6.0,9.0,13.0,17.0,7.0,9.0,14.0,14.0,17.0,14.0,17.0,22.0,15.0,19.0,20.0,16.0,26.0,31.0,24.0,17.0,20.0,17.0
"(35, 38)",37.0,40.0,43.0,50.0,53.0,43.0,45.0,42.0,60.0,34.0,24.0,34.0,37.0,29.0,22.0,28.0,35.0,32.0,42.0,31.0,20.0,26.0,32.0,24.0,43.0,35.0,36.0,48.0,42.0,50.0,41.0,37.0,45.0,44.0,51.0,49.0,56.0,61.0,50.0,63.0
"(35, 41)",16.0,11.0,15.0,24.0,9.0,13.0,13.0,18.0,12.0,6.0,5.0,10.0,4.0,7.0,4.0,9.0,9.0,9.0,13.0,9.0,13.0,17.0,15.0,21.0,17.0,18.0,12.0,12.0,13.0,20.0,17.0,8.0,13.0,8.0,21.0,15.0,16.0,18.0,15.0,17.0
"(35, 43)",11.0,13.0,7.0,8.0,14.0,11.0,9.0,14.0,12.0,6.0,5.0,23.0,11.0,10.0,6.0,13.0,14.0,14.0,7.0,18.0,18.0,18.0,20.0,22.0,17.0,14.0,21.0,16.0,23.0,21.0,17.0,19.0,15.0,20.0,15.0,18.0,23.0,34.0,17.0,23.0
"(36, 35)",9.0,11.0,18.0,13.0,10.0,10.0,10.0,7.0,9.0,10.0,4.0,7.0,1.0,6.0,4.0,8.0,14.0,8.0,7.0,7.0,12.0,14.0,8.0,9.0,18.0,16.0,18.0,9.0,15.0,23.0,16.0,19.0,21.0,32.0,22.0,25.0,22.0,23.0,18.0,22.0
"(36, 36)",10.0,15.0,4.0,19.0,13.0,21.0,22.0,22.0,14.0,10.0,3.0,8.0,10.0,13.0,7.0,11.0,12.0,19.0,4.0,3.0,24.0,16.0,12.0,14.0,12.0,9.0,12.0,17.0,17.0,13.0,13.0,4.0,10.0,12.0,17.0,24.0,35.0,20.0,12.0,10.0
"(38, 8)",11.0,8.0,14.0,13.0,16.0,12.0,14.0,19.0,16.0,17.0,8.0,5.0,8.0,7.0,10.0,5.0,10.0,12.0,15.0,13.0,15.0,8.0,14.0,16.0,6.0,7.0,15.0,22.0,11.0,17.0,10.0,24.0,23.0,20.0,22.0,26.0,26.0,31.0,23.0,23.0
"(38, 28)",23.0,33.0,34.0,42.0,48.0,39.0,34.0,42.0,27.0,19.0,17.0,13.0,18.0,8.0,14.0,22.0,21.0,22.0,23.0,25.0,31.0,17.0,25.0,29.0,25.0,24.0,31.0,27.0,22.0,28.0,29.0,25.0,28.0,31.0,33.0,34.0,40.0,33.0,36.0,32.0
"(38, 32)",21.0,17.0,22.0,25.0,28.0,19.0,25.0,25.0,20.0,21.0,2.0,8.0,6.0,3.0,6.0,8.0,8.0,13.0,6.0,20.0,4.0,11.0,11.0,10.0,7.0,20.0,19.0,16.0,17.0,20.0,18.0,19.0,21.0,19.0,12.0,23.0,17.0,27.0,15.0,18.0
"(38, 35)",29.0,35.0,35.0,36.0,42.0,30.0,38.0,34.0,46.0,38.0,20.0,30.0,34.0,20.0,20.0,28.0,27.0,29.0,34.0,29.0,25.0,18.0,24.0,29.0,40.0,34.0,33.0,31.0,40.0,34.0,35.0,35.0,38.0,38.0,39.0,43.0,41.0,53.0,46.0,56.0
"(38, 38)",65.0,52.0,53.0,82.0,83.0,70.0,98.0,100.0,76.0,51.0,43.0,61.0,48.0,44.0,51.0,79.0,83.0,58.0,73.0,66.0,69.0,38.0,53.0,55.0,57.0,59.0,46.0,52.0,53.0,71.0,49.0,62.0,77.0,89.0,80.0,72.0,73.0,102.0,70.0,88.0
"(38, 39)",18.0,16.0,14.0,26.0,12.0,20.0,17.0,17.0,24.0,14.0,8.0,7.0,17.0,6.0,10.0,17.0,11.0,14.0,13.0,10.0,12.0,9.0,11.0,3.0,4.0,7.0,8.0,9.0,18.0,26.0,9.0,20.0,13.0,28.0,21.0,17.0,28.0,24.0,19.0,15.0
"(38, 41)",19.0,20.0,33.0,18.0,15.0,25.0,19.0,25.0,20.0,12.0,6.0,9.0,9.0,5.0,8.0,10.0,20.0,19.0,17.0,11.0,19.0,11.0,17.0,14.0,20.0,19.0,16.0,18.0,29.0,29.0,22.0,26.0,28.0,34.0,22.0,22.0,27.0,40.0,26.0,32.0
"(39, 8)",26.0,23.0,27.0,28.0,24.0,27.0,35.0,44.0,30.0,18.0,14.0,13.0,18.0,10.0,11.0,10.0,11.0,12.0,12.0,10.0,17.0,20.0,26.0,26.0,26.0,22.0,30.0,33.0,30.0,37.0,40.0,35.0,34.0,30.0,34.0,30.0,28.0,34.0,24.0,29.0
"(39, 28)",37.0,32.0,36.0,41.0,54.0,35.0,40.0,40.0,31.0,32.0,18.0,12.0,13.0,8.0,10.0,12.0,13.0,13.0,13.0,15.0,22.0,16.0,21.0,15.0,18.0,15.0,15.0,15.0,20.0,20.0,24.0,24.0,16.0,35.0,12.0,18.0,22.0,19.0,23.0,20.0
"(39, 32)",34.0,19.0,30.0,28.0,39.0,32.0,41.0,48.0,42.0,29.0,9.0,4.0,8.0,4.0,5.0,12.0,5.0,10.0,10.0,13.0,7.0,14.0,17.0,13.0,13.0,9.0,19.0,13.0,9.0,14.0,9.0,24.0,16.0,26.0,15.0,15.0,25.0,21.0,19.0,20.0
"(39, 38)",21.0,19.0,18.0,26.0,24.0,38.0,29.0,25.0,34.0,15.0,8.0,16.0,21.0,10.0,11.0,13.0,26.0,12.0,12.0,14.0,13.0,10.0,10.0,11.0,14.0,14.0,14.0,10.0,18.0,22.0,13.0,18.0,20.0,19.0,28.0,17.0,24.0,22.0,17.0,21.0
"(39, 39)",81.0,56.0,72.0,94.0,90.0,73.0,90.0,72.0,82.0,36.0,23.0,23.0,20.0,30.0,26.0,36.0,37.0,35.0,34.0,31.0,37.0,36.0,33.0,22.0,46.0,26.0,33.0,24.0,24.0,47.0,48.0,35.0,26.0,39.0,33.0,35.0,63.0,41.0,55.0,47.0
"(39, 41)",42.0,47.0,47.0,38.0,50.0,71.0,67.0,45.0,39.0,30.0,7.0,7.0,13.0,9.0,9.0,16.0,19.0,14.0,5.0,14.0,20.0,26.0,23.0,28.0,25.0,22.0,17.0,18.0,23.0,32.0,29.0,31.0,30.0,36.0,26.0,29.0,41.0,42.0,28.0,44.0
"(40, 40)",26.0,19.0,25.0,16.0,24.0,22.0,20.0,19.0,22.0,14.0,4.0,8.0,2.0,7.0,11.0,8.0,11.0,9.0,19.0,23.0,9.0,5.0,12.0,4.0,4.0,15.0,11.0,7.0,14.0,11.0,11.0,12.0,18.0,10.0,23.0,20.0,14.0,16.0,15.0,13.0
"(41, 8)",88.0,87.0,73.0,101.0,82.0,125.0,111.0,100.0,88.0,15.0,7.0,2.0,4.0,8.0,9.0,8.0,12.0,10.0,7.0,5.0,9.0,13.0,20.0,16.0,8.0,16.0,14.0,19.0,13.0,20.0,22.0,30.0,19.0,23.0,17.0,33.0,27.0,26.0,37.0,23.0
"(41, 28)",58.0,46.0,53.0,48.0,54.0,75.0,53.0,57.0,46.0,17.0,11.0,11.0,6.0,13.0,7.0,6.0,7.0,10.0,8.0,8.0,15.0,25.0,14.0,17.0,18.0,15.0,23.0,15.0,20.0,27.0,26.0,26.0,25.0,33.0,31.0,35.0,29.0,26.0,26.0,20.0
"(41, 32)",128.0,113.0,105.0,98.0,121.0,106.0,95.0,102.0,65.0,19.0,2.0,3.0,1.0,3.0,0.0,8.0,5.0,6.0,5.0,7.0,9.0,9.0,14.0,15.0,8.0,14.0,16.0,14.0,18.0,14.0,26.0,11.0,16.0,23.0,17.0,16.0,18.0,10.0,13.0,18.0
"(41, 33)",45.0,28.0,16.0,29.0,34.0,37.0,26.0,30.0,22.0,4.0,2.0,4.0,4.0,1.0,1.0,0.0,4.0,9.0,4.0,3.0,9.0,8.0,12.0,8.0,17.0,13.0,8.0,8.0,13.0,6.0,12.0,11.0,6.0,12.0,12.0,14.0,12.0,10.0,16.0,17.0
"(41, 35)",18.0,17.0,28.0,15.0,14.0,16.0,12.0,16.0,16.0,10.0,8.0,6.0,7.0,10.0,6.0,13.0,11.0,11.0,6.0,9.0,10.0,12.0,15.0,15.0,16.0,15.0,11.0,12.0,15.0,26.0,13.0,16.0,17.0,16.0,15.0,13.0,15.0,27.0,17.0,20.0
"(41, 38)",29.0,21.0,29.0,32.0,31.0,23.0,26.0,41.0,29.0,17.0,7.0,10.0,10.0,9.0,12.0,13.0,13.0,19.0,15.0,11.0,16.0,14.0,17.0,16.0,19.0,25.0,15.0,16.0,20.0,22.0,20.0,20.0,26.0,27.0,24.0,27.0,31.0,31.0,30.0,30.0
"(41, 39)",38.0,41.0,44.0,53.0,38.0,58.0,61.0,40.0,42.0,22.0,17.0,15.0,14.0,13.0,17.0,18.0,16.0,12.0,17.0,12.0,19.0,21.0,32.0,18.0,21.0,20.0,26.0,19.0,28.0,35.0,33.0,33.0,40.0,29.0,20.0,32.0,32.0,35.0,29.0,36.0
"(41, 41)",215.0,206.0,231.0,206.0,229.0,246.0,239.0,228.0,173.0,81.0,35.0,36.0,34.0,36.0,28.0,50.0,36.0,34.0,38.0,31.0,54.0,70.0,59.0,65.0,50.0,51.0,80.0,70.0,87.0,107.0,121.0,74.0,104.0,108.0,89.0,117.0,94.0,110.0,101.0,139.0
"(41, 42)",33.0,28.0,29.0,31.0,33.0,25.0,41.0,18.0,35.0,13.0,9.0,13.0,7.0,10.0,5.0,8.0,13.0,15.0,8.0,15.0,11.0,16.0,29.0,16.0,19.0,23.0,26.0,30.0,23.0,37.0,31.0,28.0,22.0,33.0,26.0,27.0,31.0,30.0,29.0,27.0
"(41, 43)",29.0,28.0,24.0,28.0,21.0,22.0,23.0,24.0,21.0,13.0,10.0,3.0,9.0,7.0,4.0,13.0,15.0,10.0,12.0,15.0,14.0,16.0,20.0,25.0,26.0,21.0,12.0,20.0,25.0,22.0,22.0,24.0,19.0,35.0,28.0,33.0,38.0,31.0,31.0,32.0
"(42, 41)",21.0,23.0,24.0,25.0,31.0,23.0,27.0,13.0,13.0,7.0,7.0,7.0,8.0,9.0,9.0,11.0,8.0,7.0,12.0,9.0,12.0,15.0,19.0,11.0,17.0,14.0,23.0,15.0,22.0,24.0,18.0,19.0,13.0,33.0,17.0,24.0,23.0,34.0,18.0,18.0
"(42, 42)",44.0,38.0,38.0,48.0,47.0,41.0,52.0,47.0,49.0,28.0,14.0,17.0,25.0,21.0,30.0,40.0,49.0,40.0,46.0,36.0,33.0,44.0,30.0,24.0,23.0,37.0,25.0,26.0,31.0,57.0,38.0,37.0,45.0,56.0,45.0,52.0,32.0,54.0,53.0,39.0
"(42, 43)",10.0,8.0,11.0,10.0,11.0,10.0,13.0,9.0,15.0,11.0,11.0,14.0,11.0,8.0,6.0,15.0,11.0,13.0,11.0,9.0,13.0,16.0,12.0,14.0,17.0,14.0,12.0,9.0,27.0,15.0,14.0,9.0,13.0,19.0,24.0,18.0,22.0,30.0,25.0,16.0
"(43, 8)",16.0,27.0,35.0,34.0,25.0,25.0,28.0,39.0,21.0,13.0,3.0,6.0,4.0,4.0,5.0,4.0,8.0,6.0,8.0,6.0,14.0,7.0,11.0,5.0,15.0,15.0,12.0,21.0,24.0,24.0,12.0,29.0,34.0,36.0,31.0,33.0,25.0,47.0,36.0,28.0
"(43, 28)",46.0,51.0,47.0,54.0,50.0,40.0,51.0,56.0,64.0,23.0,28.0,30.0,28.0,18.0,23.0,24.0,32.0,17.0,18.0,22.0,18.0,19.0,22.0,18.0,19.0,14.0,27.0,27.0,25.0,34.0,30.0,29.0,31.0,34.0,45.0,44.0,47.0,50.0,49.0,53.0
"(43, 32)",28.0,33.0,28.0,27.0,32.0,32.0,41.0,31.0,33.0,15.0,12.0,3.0,8.0,4.0,5.0,17.0,13.0,15.0,7.0,2.0,5.0,5.0,6.0,11.0,12.0,8.0,15.0,14.0,15.0,9.0,10.0,9.0,14.0,16.0,22.0,29.0,23.0,31.0,26.0,30.0
"(43, 41)",16.0,12.0,9.0,10.0,12.0,13.0,13.0,18.0,13.0,4.0,3.0,7.0,6.0,11.0,3.0,8.0,9.0,10.0,7.0,17.0,8.0,12.0,14.0,17.0,19.0,13.0,11.0,23.0,17.0,17.0,26.0,17.0,18.0,30.0,18.0,15.0,23.0,22.0,27.0,24.0
"(43, 42)",18.0,12.0,10.0,11.0,15.0,14.0,17.0,21.0,19.0,6.0,5.0,10.0,8.0,7.0,10.0,13.0,13.0,7.0,12.0,11.0,18.0,14.0,9.0,14.0,17.0,17.0,17.0,16.0,25.0,15.0,8.0,10.0,14.0,16.0,23.0,15.0,17.0,19.0,19.0,16.0
"(43, 43)",68.0,51.0,76.0,85.0,88.0,74.0,75.0,75.0,92.0,40.0,38.0,47.0,46.0,57.0,46.0,60.0,50.0,72.0,62.0,58.0,54.0,66.0,57.0,63.0,64.0,77.0,63.0,81.0,77.0,72.0,109.0,96.0,88.0,96.0,87.0,97.0,114.0,124.0,110.0,135.0
"(44, 28)",35.0,30.0,35.0,40.0,29.0,35.0,35.0,50.0,34.0,24.0,12.0,10.0,12.0,9.0,5.0,7.0,14.0,10.0,10.0,8.0,12.0,6.0,7.0,8.0,12.0,1.0,10.0,9.0,7.0,5.0,11.0,13.0,14.0,13.0,12.0,18.0,17.0,28.0,20.0,28.0
"(44, 44)",54.0,41.0,48.0,53.0,59.0,46.0,72.0,75.0,68.0,38.0,15.0,25.0,35.0,39.0,10.0,50.0,34.0,41.0,43.0,25.0,24.0,25.0,27.0,33.0,25.0,25.0,20.0,20.0,19.0,28.0,23.0,28.0,26.0,39.0,32.0,35.0,38.0,42.0,37.0,46.0
"(46, 46)",23.0,20.0,32.0,25.0,16.0,19.0,29.0,38.0,27.0,13.0,4.0,16.0,7.0,17.0,12.0,26.0,23.0,21.0,20.0,15.0,29.0,19.0,7.0,20.0,23.0,11.0,16.0,13.0,16.0,17.0,21.0,20.0,14.0,14.0,22.0,20.0,21.0,26.0,17.0,25.0
"(48, 48)",22.0,20.0,21.0,30.0,22.0,14.0,25.0,31.0,23.0,12.0,4.0,8.0,4.0,9.0,6.0,7.0,8.0,13.0,11.0,4.0,12.0,8.0,2.0,9.0,8.0,8.0,9.0,5.0,2.0,15.0,12.0,10.0,9.0,13.0,13.0,21.0,14.0,11.0,18.0,16.0
"(49, 49)",50.0,36.0,49.0,43.0,42.0,45.0,43.0,42.0,40.0,10.0,13.0,20.0,24.0,9.0,11.0,15.0,20.0,10.0,13.0,14.0,10.0,12.0,23.0,11.0,15.0,19.0,18.0,15.0,18.0,17.0,18.0,16.0,14.0,32.0,13.0,22.0,20.0,23.0,21.0,17.0
"(56, 3)",35.0,47.0,51.0,25.0,41.0,33.0,55.0,30.0,25.0,6.0,0.0,0.0,0.0,0.0,1.0,1.0,4.0,2.0,1.0,3.0,8.0,3.0,8.0,6.0,13.0,9.0,13.0,4.0,9.0,5.0,11.0,5.0,3.0,7.0,7.0,5.0,10.0,10.0,6.0,3.0
"(56, 5)",44.0,43.0,48.0,47.0,49.0,41.0,53.0,46.0,24.0,3.0,0.0,0.0,0.0,0.0,0.0,1.0,0.0,2.0,0.0,6.0,1.0,4.0,6.0,4.0,5.0,1.0,2.0,8.0,6.0,4.0,6.0,6.0,2.0,2.0,4.0,7.0,11.0,4.0,8.0,11.0
"(56, 6)",172.0,177.0,178.0,163.0,187.0,219.0,181.0,179.0,91.0,17.0,1.0,1.0,0.0,1.0,1.0,2.0,5.0,10.0,7.0,16.0,13.0,27.0,35.0,24.0,38.0,39.0,25.0,19.0,25.0,17.0,20.0,33.0,24.0,27.0,37.0,24.0,28.0,31.0,31.0,29.0
"(56, 7)",167.0,216.0,158.0,197.0,181.0,188.0,200.0,184.0,127.0,20.0,3.0,0.0,2.0,0.0,3.0,1.0,4.0,7.0,11.0,29.0,16.0,20.0,26.0,27.0,39.0,26.0,19.0,13.0,23.0,23.0,28.0,16.0,25.0,19.0,35.0,38.0,32.0,20.0,34.0,27.0
"(56, 8)",802.0,915.0,768.0,883.0,998.0,1111.0,875.0,835.0,512.0,60.0,8.0,6.0,6.0,4.0,3.0,11.0,16.0,25.0,33.0,67.0,50.0,87.0,100.0,104.0,128.0,111.0,82.0,71.0,89.0,89.0,100.0,103.0,86.0,101.0,120.0,108.0,148.0,143.0,130.0,169.0
"(56, 22)",56.0,71.0,51.0,45.0,50.0,71.0,57.0,50.0,29.0,1.0,0.0,0.0,0.0,0.0,1.0,2.0,3.0,6.0,2.0,6.0,6.0,9.0,7.0,11.0,12.0,12.0,4.0,6.0,3.0,6.0,6.0,7.0,7.0,7.0,8.0,8.0,10.0,11.0,9.0,9.0
"(56, 24)",169.0,159.0,178.0,139.0,180.0,175.0,152.0,128.0,90.0,9.0,2.0,2.0,5.0,1.0,0.0,0.0,7.0,9.0,7.0,24.0,18.0,22.0,27.0,24.0,28.0,24.0,14.0,17.0,21.0,21.0,18.0,25.0,19.0,26.0,31.0,37.0,29.0,22.0,27.0,23.0
"(56, 28)",282.0,296.0,268.0,243.0,280.0,277.0,242.0,231.0,178.0,18.0,4.0,3.0,0.0,5.0,3.0,7.0,12.0,11.0,14.0,19.0,26.0,22.0,32.0,36.0,49.0,37.0,25.0,29.0,39.0,25.0,42.0,41.0,26.0,28.0,50.0,29.0,44.0,59.0,45.0,42.0
"(56, 32)",642.0,667.0,648.0,698.0,717.0,752.0,631.0,571.0,318.0,15.0,3.0,0.0,0.0,5.0,7.0,3.0,7.0,8.0,10.0,21.0,13.0,28.0,48.0,53.0,50.0,44.0,32.0,27.0,43.0,39.0,35.0,33.0,37.0,45.0,48.0,54.0,50.0,62.0,52.0,55.0
"(56, 33)",208.0,152.0,226.0,166.0,159.0,225.0,199.0,160.0,101.0,17.0,4.0,0.0,1.0,0.0,2.0,3.0,4.0,1.0,4.0,15.0,15.0,16.0,19.0,17.0,27.0,23.0,14.0,24.0,16.0,16.0,15.0,23.0,14.0,21.0,23.0,15.0,37.0,24.0,34.0,40.0
"(56, 41)",81.0,86.0,78.0,80.0,86.0,103.0,100.0,88.0,50.0,6.0,1.0,2.0,1.0,0.0,1.0,2.0,6.0,1.0,3.0,4.0,3.0,12.0,7.0,9.0,11.0,11.0,4.0,8.0,8.0,10.0,6.0,18.0,12.0,7.0,10.0,22.0,20.0,4.0,12.0,14.0
"(56, 56)",372.0,358.0,337.0,329.0,403.0,355.0,389.0,382.0,250.0,77.0,25.0,38.0,13.0,8.0,10.0,24.0,31.0,33.0,29.0,75.0,42.0,67.0,61.0,76.0,90.0,82.0,54.0,50.0,62.0,67.0,68.0,59.0,71.0,75.0,92.0,128.0,108.0,90.0,96.0,85.0
"(56, 76)",47.0,100.0,25.0,39.0,36.0,30.0,17.0,27.0,15.0,34.0,2.0,2.0,0.0,1.0,0.0,2.0,3.0,5.0,3.0,10.0,6.0,8.0,19.0,20.0,15.0,13.0,8.0,10.0,15.0,13.0,8.0,9.0,6.0,9.0,13.0,10.0,9.0,16.0,9.0,9.0
"(59, 59)",305.0,167.0,297.0,323.0,304.0,338.0,452.0,292.0,330.0,121.0,0.0,3.0,4.0,2.0,1.0,1.0,0.0,6.0,2.0,7.0,4.0,2.0,5.0,4.0,2.0,6.0,3.0,6.0,16.0,12.0,72.0,68.0,81.0,58.0,56.0,98.0,65.0,101.0,70.0,48.0
"(60, 60)",21.0,27.0,23.0,31.0,27.0,24.0,29.0,31.0,22.0,10.0,3.0,12.0,12.0,3.0,2.0,8.0,11.0,5.0,6.0,9.0,10.0,10.0,8.0,8.0,6.0,9.0,12.0,10.0,12.0,10.0,10.0,7.0,18.0,17.0,21.0,11.0,13.0,15.0,4.0,8.0
"(61, 61)",18.0,16.0,29.0,28.0,28.0,15.0,29.0,32.0,20.0,12.0,13.0,15.0,13.0,7.0,11.0,25.0,12.0,17.0,11.0,9.0,10.0,9.0,8.0,12.0,9.0,6.0,16.0,19.0,16.0,10.0,5.0,14.0,13.0,28.0,8.0,18.0,11.0,16.0,23.0,17.0
"(67, 67)",7.0,6.0,17.0,15.0,9.0,8.0,17.0,24.0,15.0,7.0,8.0,8.0,9.0,9.0,7.0,12.0,11.0,17.0,11.0,17.0,15.0,23.0,15.0,17.0,8.0,14.0,21.0,12.0,29.0,16.0,16.0,9.0,11.0,11.0,10.0,22.0,14.0,17.0,20.0,19.0
"(68, 68)",27.0,20.0,21.0,21.0,27.0,26.0,14.0,28.0,19.0,24.0,4.0,5.0,11.0,14.0,15.0,13.0,23.0,16.0,18.0,8.0,19.0,16.0,21.0,18.0,14.0,15.0,19.0,26.0,15.0,26.0,14.0,19.0,31.0,18.0,25.0,24.0,22.0,30.0,29.0,37.0
"(69, 28)",23.0,24.0,20.0,21.0,17.0,24.0,21.0,39.0,22.0,7.0,7.0,10.0,7.0,2.0,7.0,15.0,13.0,8.0,10.0,14.0,20.0,16.0,12.0,8.0,10.0,7.0,3.0,7.0,12.0,9.0,15.0,13.0,12.0,14.0,9.0,6.0,8.0,9.0,16.0,17.0
"(69, 69)",43.0,38.0,40.0,25.0,34.0,36.0,43.0,27.0,29.0,17.0,17.0,19.0,14.0,20.0,26.0,36.0,25.0,18.0,22.0,22.0,30.0,25.0,29.0,20.0,28.0,22.0,37.0,26.0,36.0,29.0,29.0,38.0,28.0,41.0,25.0,40.0,57.0,50.0,45.0,37.0
"(71, 28)",25.0,21.0,29.0,14.0,29.0,22.0,24.0,21.0,25.0,18.0,9.0,10.0,6.0,10.0,10.0,12.0,15.0,14.0,11.0,13.0,15.0,24.0,29.0,26.0,24.0,18.0,22.0,19.0,17.0,24.0,27.0,21.0,30.0,25.0,26.0,28.0,30.0,20.0,31.0,26.0
"(71, 71)",31.0,30.0,38.0,30.0,22.0,26.0,29.0,26.0,25.0,15.0,5.0,14.0,19.0,22.0,9.0,30.0,37.0,23.0,27.0,24.0,25.0,13.0,16.0,29.0,23.0,32.0,17.0,18.0,85.0,128.0,57.0,13.0,22.0,37.0,36.0,29.0,37.0,19.0,49.0,36.0
"(73, 73)",18.0,26.0,28.0,29.0,27.0,34.0,20.0,24.0,21.0,13.0,5.0,11.0,16.0,7.0,10.0,4.0,7.0,8.0,9.0,7.0,4.0,8.0,13.0,8.0,14.0,25.0,14.0,10.0,17.0,12.0,14.0,12.0,10.0,9.0,13.0,17.0,8.0,5.0,20.0,16.0
"(76, 1)",125.0,131.0,98.0,121.0,158.0,126.0,147.0,128.0,104.0,42.0,4.0,1.0,0.0,1.0,1.0,2.0,3.0,3.0,5.0,8.0,8.0,2.0,12.0,7.0,14.0,10.0,13.0,13.0,13.0,13.0,16.0,23.0,17.0,12.0,26.0,20.0,23.0,14.0,17.0,20.0
"(76, 2)",150.0,176.0,151.0,151.0,147.0,149.0,170.0,151.0,99.0,61.0,9.0,8.0,5.0,4.0,1.0,5.0,3.0,4.0,6.0,8.0,10.0,11.0,20.0,17.0,25.0,28.0,23.0,23.0,18.0,27.0,34.0,32.0,40.0,38.0,38.0,31.0,26.0,31.0,29.0,38.0
"(76, 3)",291.0,344.0,304.0,307.0,314.0,318.0,355.0,298.0,249.0,76.0,18.0,6.0,2.0,2.0,2.0,4.0,4.0,5.0,6.0,15.0,12.0,11.0,13.0,23.0,36.0,27.0,24.0,26.0,34.0,25.0,25.0,27.0,36.0,27.0,46.0,34.0,50.0,40.0,45.0,39.0
"(76, 4)",241.0,310.0,258.0,261.0,256.0,309.0,279.0,246.0,158.0,50.0,6.0,4.0,3.0,4.0,1.0,3.0,5.0,4.0,5.0,9.0,7.0,9.0,4.0,12.0,22.0,19.0,12.0,6.0,21.0,18.0,12.0,20.0,22.0,21.0,26.0,27.0,19.0,29.0,25.0,23.0
"(76, 5)",416.0,485.0,433.0,472.0,446.0,484.0,489.0,415.0,255.0,61.0,1.0,4.0,2.0,5.0,4.0,2.0,4.0,2.0,6.0,12.0,8.0,10.0,18.0,18.0,22.0,22.0,26.0,20.0,17.0,14.0,22.0,21.0,23.0,18.0,28.0,29.0,48.0,29.0,40.0,43.0
"(76, 6)",1231.0,1284.0,1205.0,1244.0,1211.0,1330.0,1344.0,1153.0,823.0,174.0,23.0,13.0,6.0,8.0,7.0,11.0,12.0,20.0,30.0,45.0,36.0,36.0,57.0,67.0,81.0,88.0,54.0,67.0,91.0,88.0,96.0,88.0,97.0,92.0,123.0,96.0,126.0,108.0,139.0,151.0
"(76, 7)",1110.0,1172.0,1145.0,1196.0,1125.0,1288.0,1243.0,1126.0,739.0,157.0,15.0,6.0,4.0,2.0,5.0,10.0,7.0,11.0,15.0,43.0,38.0,46.0,57.0,57.0,71.0,93.0,50.0,61.0,78.0,75.0,79.0,79.0,90.0,90.0,129.0,101.0,118.0,100.0,135.0,137.0
"(76, 8)",5227.0,4967.0,4242.0,4386.0,5541.0,5465.0,5040.0,4362.0,2612.0,411.0,70.0,38.0,19.0,21.0,26.0,33.0,50.0,67.0,72.0,146.0,105.0,158.0,192.0,210.0,264.0,283.0,241.0,250.0,293.0,277.0,248.0,297.0,295.0,325.0,472.0,387.0,460.0,430.0,488.0,497.0
"(76, 9)",57.0,70.0,51.0,48.0,39.0,65.0,58.0,43.0,37.0,15.0,3.0,4.0,2.0,1.0,0.0,2.0,1.0,2.0,2.0,3.0,1.0,7.0,9.0,6.0,4.0,8.0,3.0,3.0,5.0,7.0,4.0,3.0,6.0,9.0,9.0,12.0,9.0,11.0,9.0,12.0
"(76, 10)",237.0,211.0,180.0,182.0,230.0,212.0,217.0,189.0,146.0,48.0,16.0,8.0,5.0,7.0,8.0,5.0,7.0,5.0,9.0,14.0,15.0,21.0,22.0,25.0,30.0,29.0,26.0,19.0,37.0,37.0,41.0,31.0,38.0,36.0,47.0,40.0,34.0,38.0,39.0,50.0
"(76, 11)",158.0,167.0,149.0,142.0,134.0,149.0,175.0,179.0,126.0,19.0,7.0,2.0,3.0,4.0,2.0,3.0,3.0,4.0,2.0,6.0,6.0,4.0,11.0,9.0,6.0,6.0,6.0,9.0,9.0,10.0,12.0,14.0,19.0,19.0,14.0,18.0,12.0,19.0,29.0,27.0
"(76, 12)",91.0,75.0,100.0,83.0,103.0,109.0,100.0,91.0,70.0,25.0,4.0,1.0,0.0,1.0,0.0,1.0,1.0,2.0,3.0,2.0,5.0,6.0,8.0,10.0,5.0,5.0,8.0,2.0,6.0,7.0,7.0,12.0,8.0,5.0,13.0,5.0,8.0,8.0,13.0,25.0
"(76, 13)",50.0,72.0,66.0,51.0,77.0,63.0,75.0,59.0,36.0,18.0,5.0,1.0,4.0,1.0,0.0,0.0,3.0,1.0,1.0,1.0,3.0,3.0,8.0,7.0,11.0,13.0,7.0,5.0,12.0,10.0,17.0,28.0,13.0,11.0,16.0,13.0,11.0,19.0,14.0,37.0
"(76, 14)",99.0,106.0,96.0,115.0,103.0,120.0,117.0,120.0,74.0,18.0,5.0,4.0,0.0,2.0,2.0,1.0,2.0,2.0,4.0,8.0,7.0,5.0,11.0,6.0,14.0,11.0,11.0,6.0,7.0,13.0,10.0,17.0,8.0,12.0,15.0,14.0,11.0,20.0,12.0,9.0
"(76, 15)",95.0,109.0,98.0,99.0,116.0,105.0,93.0,97.0,80.0,36.0,11.0,2.0,2.0,2.0,2.0,4.0,6.0,3.0,7.0,7.0,8.0,10.0,11.0,4.0,15.0,21.0,6.0,12.0,13.0,16.0,11.0,8.0,13.0,19.0,17.0,24.0,13.0,15.0,25.0,23.0
"(76, 16)",193.0,191.0,193.0,213.0,173.0,254.0,219.0,219.0,136.0,39.0,9.0,4.0,5.0,2.0,6.0,2.0,3.0,10.0,4.0,14.0,12.0,11.0,12.0,13.0,18.0,20.0,19.0,15.0,17.0,21.0,21.0,19.0,19.0,20.0,23.0,32.0,21.0,35.0,26.0,27.0
"(76, 17)",57.0,43.0,33.0,54.0,55.0,55.0,56.0,37.0,45.0,27.0,2.0,1.0,2.0,1.0,2.0,2.0,3.0,2.0,2.0,7.0,9.0,7.0,2.0,11.0,11.0,10.0,7.0,6.0,11.0,12.0,5.0,12.0,15.0,10.0,21.0,11.0,16.0,13.0,12.0,14.0
"(76, 21)",131.0,123.0,129.0,118.0,122.0,120.0,141.0,111.0,80.0,33.0,2.0,4.0,1.0,0.0,1.0,1.0,1.0,4.0,4.0,5.0,3.0,5.0,9.0,10.0,8.0,6.0,14.0,9.0,15.0,10.0,15.0,8.0,14.0,13.0,18.0,12.0,20.0,21.0,25.0,19.0
"(76, 22)",493.0,520.0,459.0,453.0,485.0,527.0,563.0,451.0,311.0,59.0,11.0,6.0,4.0,7.0,3.0,4.0,6.0,11.0,17.0,19.0,10.0,13.0,18.0,23.0,34.0,33.0,30.0,23.0,26.0,33.0,42.0,37.0,29.0,36.0,58.0,37.0,48.0,53.0,45.0,62.0
"(76, 24)",813.0,889.0,845.0,860.0,840.0,886.0,943.0,781.0,547.0,142.0,21.0,8.0,5.0,8.0,4.0,3.0,19.0,13.0,13.0,40.0,30.0,27.0,42.0,41.0,60.0,60.0,47.0,46.0,47.0,65.0,59.0,67.0,68.0,71.0,88.0,84.0,91.0,79.0,106.0,115.0
"(76, 28)",1283.0,1252.0,1141.0,1233.0,1284.0,1245.0,1236.0,1068.0,684.0,128.0,21.0,9.0,7.0,7.0,2.0,18.0,19.0,22.0,15.0,42.0,43.0,45.0,46.0,58.0,70.0,67.0,79.0,69.0,74.0,72.0,85.0,71.0,112.0,84.0,164.0,111.0,98.0,113.0,120.0,114.0
"(76, 32)",3734.0,3195.0,2959.0,2991.0,3708.0,3614.0,3396.0,2728.0,1297.0,125.0,29.0,14.0,6.0,11.0,12.0,13.0,23.0,24.0,20.0,50.0,44.0,49.0,74.0,93.0,104.0,109.0,100.0,98.0,105.0,104.0,115.0,120.0,116.0,160.0,165.0,185.0,169.0,182.0,189.0,165.0
"(76, 33)",596.0,345.0,503.0,404.0,365.0,583.0,539.0,378.0,138.0,51.0,8.0,5.0,4.0,4.0,1.0,3.0,6.0,6.0,9.0,11.0,11.0,11.0,10.0,13.0,16.0,20.0,11.0,10.0,25.0,19.0,15.0,19.0,21.0,20.0,27.0,28.0,23.0,21.0,31.0,30.0
"(76, 41)",122.0,120.0,88.0,115.0,132.0,136.0,134.0,103.0,50.0,22.0,4.0,3.0,4.0,1.0,1.0,2.0,0.0,2.0,2.0,2.0,4.0,7.0,5.0,10.0,10.0,7.0,6.0,7.0,8.0,13.0,10.0,10.0,13.0,29.0,23.0,34.0,30.0,13.0,6.0,7.0
"(76, 56)",46.0,65.0,26.0,37.0,40.0,33.0,33.0,38.0,28.0,34.0,3.0,4.0,0.0,2.0,2.0,0.0,2.0,3.0,8.0,7.0,15.0,13.0,20.0,16.0,24.0,11.0,16.0,8.0,13.0,17.0,8.0,8.0,11.0,7.0,9.0,15.0,4.0,10.0,9.0,12.0
"(76, 76)",2406.0,2086.0,2061.0,2086.0,2141.0,2178.0,2076.0,1954.0,1377.0,542.0,168.0,105.0,59.0,88.0,81.0,98.0,105.0,118.0,136.0,176.0,158.0,186.0,184.0,239.0,243.0,257.0,213.0,188.0,241.0,276.0,258.0,270.0,286.0,289.0,343.0,335.0,351.0,321.0,360.0,345.0
"(76, 77)",280.0,284.0,266.0,264.0,298.0,334.0,306.0,291.0,197.0,63.0,11.0,5.0,3.0,6.0,2.0,5.0,1.0,5.0,7.0,18.0,10.0,16.0,23.0,23.0,21.0,26.0,23.0,27.0,24.0,30.0,25.0,26.0,18.0,30.0,32.0,29.0,36.0,39.0,32.0,34.0
"(77, 1)",133.0,112.0,139.0,145.0,131.0,130.0,146.0,148.0,145.0,90.0,34.0,32.0,48.0,29.0,30.0,45.0,42.0,41.0,42.0,35.0,65.0,53.0,34.0,39.0,53.0,50.0,47.0,46.0,56.0,44.0,66.0,39.0,62.0,67.0,59.0,49.0,57.0,67.0,68.0,62.0
"(77, 2)",119.0,114.0,112.0,136.0,109.0,111.0,134.0,120.0,113.0,81.0,39.0,31.0,32.0,26.0,25.0,34.0,29.0,44.0,32.0,33.0,40.0,46.0,41.0,40.0,37.0,29.0,53.0,53.0,37.0,34.0,44.0,61.0,45.0,59.0,44.0,49.0,44.0,62.0,51.0,45.0
"(77, 3)",261.0,245.0,267.0,282.0,238.0,251.0,247.0,267.0,269.0,157.0,74.0,71.0,73.0,70.0,56.0,90.0,83.0,82.0,92.0,78.0,137.0,85.0,97.0,109.0,104.0,107.0,114.0,92.0,96.0,127.0,119.0,126.0,108.0,128.0,105.0,137.0,122.0,149.0,119.0,109.0
"(77, 4)",87.0,109.0,102.0,109.0,85.0,94.0,101.0,79.0,66.0,34.0,16.0,7.0,6.0,10.0,4.0,7.0,12.0,15.0,12.0,18.0,22.0,19.0,33.0,29.0,27.0,41.0,28.0,21.0,35.0,29.0,25.0,34.0,29.0,37.0,27.0,36.0,35.0,36.0,40.0,37.0
"(77, 6)",122.0,136.0,133.0,147.0,147.0,120.0,127.0,143.0,108.0,36.0,26.0,23.0,24.0,28.0,29.0,40.0,32.0,32.0,53.0,47.0,59.0,49.0,54.0,62.0,52.0,54.0,66.0,65.0,60.0,64.0,65.0,56.0,61.0,76.0,63.0,65.0,73.0,74.0,73.0,66.0
"(77, 7)",37.0,42.0,34.0,49.0,40.0,40.0,61.0,46.0,30.0,16.0,9.0,14.0,10.0,7.0,13.0,13.0,13.0,9.0,15.0,10.0,19.0,21.0,18.0,17.0,16.0,22.0,18.0,20.0,15.0,23.0,23.0,24.0,17.0,24.0,23.0,27.0,39.0,41.0,23.0,32.0
"(77, 8)",189.0,178.0,180.0,180.0,177.0,189.0,190.0,181.0,162.0,56.0,20.0,24.0,19.0,9.0,21.0,13.0,27.0,25.0,25.0,32.0,55.0,48.0,46.0,48.0,61.0,53.0,70.0,67.0,72.0,74.0,67.0,89.0,75.0,82.0,92.0,106.0,102.0,90.0,69.0,101.0
"(77, 28)",51.0,34.0,30.0,45.0,32.0,29.0,49.0,48.0,43.0,19.0,6.0,8.0,6.0,4.0,8.0,6.0,5.0,21.0,17.0,17.0,28.0,19.0,18.0,29.0,28.0,21.0,26.0,24.0,30.0,29.0,29.0,38.0,39.0,35.0,23.0,28.0,30.0,34.0,42.0,26.0
"(77, 32)",125.0,107.0,114.0,128.0,116.0,107.0,109.0,137.0,99.0,37.0,13.0,10.0,6.0,7.0,11.0,8.0,11.0,6.0,10.0,9.0,20.0,18.0,26.0,24.0,29.0,38.0,39.0,39.0,22.0,37.0,30.0,40.0,49.0,46.0,33.0,46.0,36.0,45.0,53.0,36.0
"(77, 76)",56.0,58.0,54.0,62.0,67.0,62.0,53.0,50.0,21.0,6.0,4.0,0.0,1.0,0.0,1.0,1.0,2.0,2.0,3.0,3.0,3.0,3.0,4.0,5.0,7.0,8.0,6.0,7.0,4.0,4.0,5.0,8.0,3.0,6.0,7.0,5.0,11.0,10.0,6.0,14.0
"(77, 77)",698.0,618.0,664.0,665.0,737.0,678.0,705.0,697.0,696.0,376.0,209.0,198.0,211.0,197.0,164.0,227.0,225.0,237.0,224.0,210.0,310.0,260.0,222.0,258.0,276.0,273.0,273.0,251.0,302.0,325.0,318.0,298.0,323.0,320.0,338.0,342.0,311.0,349.0,289.0,312.0
